,buys,sells,winners,losers
0,"('macd_bearish_divergence_30d', 'higher_highs_3d', 'higher_highs_4d')","('macd_bearish_divergence_30d', 'higher_highs_3d', 'lower_lows_3d')",67,122
1,"('macd_bearish_divergence_30d', 'higher_highs_3d', 'higher_highs_4d')","('macd_bearish_divergence_30d', 'higher_highs_3d', 'lower_lows_4d')",13,55
2,"('macd_bearish_divergence_30d', 'higher_highs_3d', 'higher_highs_4d')","('macd_bearish_divergence_30d', 'higher_highs_3d', 'placeholder_1')",1054,778
3,"('macd_bearish_divergence_30d', 'higher_highs_3d', 'higher_highs_4d')","('macd_bearish_divergence_30d', 'higher_highs_4d', 'lower_lows_3d')",34,63
4,"('macd_bearish_divergence_30d', 'higher_highs_3d', 'higher_highs_4d')","('macd_bearish_divergence_30d', 'higher_highs_4d', 'lower_lows_4d')",0,0
5,"('macd_bearish_divergence_30d', 'higher_highs_3d', 'higher_highs_4d')","('macd_bearish_divergence_30d', 'higher_highs_4d', 'placeholder_1')",977,708
6,"('macd_bearish_divergence_30d', 'higher_highs_3d', 'higher_highs_4d')","('macd_bearish_divergence_30d', 'lower_lows_3d', 'lower_lows_4d')",526,1105
7,"('macd_bearish_divergence_30d', 'higher_highs_3d', 'higher_highs_4d')","('macd_bearish_divergence_30d', 'lower_lows_3d', 'placeholder_1')",593,1255
8,"('macd_bearish_divergence_30d', 'higher_highs_3d', 'higher_highs_4d')","('macd_bearish_divergence_30d', 'lower_lows_4d', 'placeholder_1')",526,1105
9,"('macd_bearish_divergence_30d', 'higher_highs_3d', 'higher_highs_4d')","('macd_bearish_divergence_30d', 'placeholder_1', 'placeholder_2')",964,967
10,"('macd_bearish_divergence_30d', 'higher_highs_3d', 'higher_highs_4d')","('higher_highs_3d', 'higher_highs_4d', 'lower_lows_3d')",578,187
11,"('macd_bearish_divergence_30d', 'higher_highs_3d', 'higher_highs_4d')","('higher_highs_3d', 'higher_highs_4d', 'lower_lows_4d')",60,13
12,"('macd_bearish_divergence_30d', 'higher_highs_3d', 'higher_highs_4d')","('higher_highs_3d', 'higher_highs_4d', 'placeholder_1')",1409,545
13,"('macd_bearish_divergence_30d', 'higher_highs_3d', 'higher_highs_4d')","('higher_highs_3d', 'lower_lows_3d', 'lower_lows_4d')",470,254
14,"('macd_bearish_divergence_30d', 'higher_highs_3d', 'higher_highs_4d')","('higher_highs_3d', 'lower_lows_3d', 'placeholder_1')",866,361
15,"('macd_bearish_divergence_30d', 'higher_highs_3d', 'higher_highs_4d')","('higher_highs_3d', 'lower_lows_4d', 'placeholder_1')",470,254
16,"('macd_bearish_divergence_30d', 'higher_highs_3d', 'higher_highs_4d')","('higher_highs_3d', 'placeholder_1', 'placeholder_2')",1323,635
17,"('macd_bearish_divergence_30d', 'higher_highs_3d', 'higher_highs_4d')","('higher_highs_4d', 'lower_lows_3d', 'lower_lows_4d')",60,13
18,"('macd_bearish_divergence_30d', 'higher_highs_3d', 'higher_highs_4d')","('higher_highs_4d', 'lower_lows_3d', 'placeholder_1')",578,187
19,"('macd_bearish_divergence_30d', 'higher_highs_3d', 'higher_highs_4d')","('higher_highs_4d', 'lower_lows_4d', 'placeholder_1')",60,13
20,"('macd_bearish_divergence_30d', 'higher_highs_3d', 'higher_highs_4d')","('higher_highs_4d', 'placeholder_1', 'placeholder_2')",1409,545
21,"('macd_bearish_divergence_30d', 'higher_highs_3d', 'higher_highs_4d')","('lower_lows_3d', 'lower_lows_4d', 'placeholder_1')",965,992
22,"('macd_bearish_divergence_30d', 'higher_highs_3d', 'higher_highs_4d')","('lower_lows_3d', 'placeholder_1', 'placeholder_2')",850,1108
23,"('macd_bearish_divergence_30d', 'higher_highs_3d', 'higher_highs_4d')","('lower_lows_4d', 'placeholder_1', 'placeholder_2')",965,992
24,"('macd_bearish_divergence_30d', 'higher_highs_3d', 'lower_lows_3d')","('macd_bearish_divergence_30d', 'higher_highs_3d', 'higher_highs_4d')",30,21
25,"('macd_bearish_divergence_30d', 'higher_highs_3d', 'lower_lows_3d')","('macd_bearish_divergence_30d', 'higher_highs_3d', 'lower_lows_4d')",1,1
26,"('macd_bearish_divergence_30d', 'higher_highs_3d', 'lower_lows_3d')","('macd_bearish_divergence_30d', 'higher_highs_3d', 'placeholder_1')",33,22
27,"('macd_bearish_divergence_30d', 'higher_highs_3d', 'lower_lows_3d')","('macd_bearish_divergence_30d', 'higher_highs_4d', 'lower_lows_3d')",2,3
28,"('macd_bearish_divergence_30d', 'higher_highs_3d', 'lower_lows_3d')","('macd_bearish_divergence_30d', 'higher_highs_4d', 'lower_lows_4d')",1,0
29,"('macd_bearish_divergence_30d', 'higher_highs_3d', 'lower_lows_3d')","('macd_bearish_divergence_30d', 'higher_highs_4d', 'placeholder_1')",30,21
30,"('macd_bearish_divergence_30d', 'higher_highs_3d', 'lower_lows_3d')","('macd_bearish_divergence_30d', 'lower_lows_3d', 'lower_lows_4d')",23,27
31,"('macd_bearish_divergence_30d', 'higher_highs_3d', 'lower_lows_3d')","('macd_bearish_divergence_30d', 'lower_lows_3d', 'placeholder_1')",25,28
32,"('macd_bearish_divergence_30d', 'higher_highs_3d', 'lower_lows_3d')","('macd_bearish_divergence_30d', 'lower_lows_4d', 'placeholder_1')",23,27
33,"('macd_bearish_divergence_30d', 'higher_highs_3d', 'lower_lows_3d')","('macd_bearish_divergence_30d', 'placeholder_1', 'placeholder_2')",28,29
34,"('macd_bearish_divergence_30d', 'higher_highs_3d', 'lower_lows_3d')","('higher_highs_3d', 'higher_highs_4d', 'lower_lows_3d')",24,7
35,"('macd_bearish_divergence_30d', 'higher_highs_3d', 'lower_lows_3d')","('higher_highs_3d', 'higher_highs_4d', 'lower_lows_4d')",2,1
36,"('macd_bearish_divergence_30d', 'higher_highs_3d', 'lower_lows_3d')","('higher_highs_3d', 'higher_highs_4d', 'placeholder_1')",41,17
37,"('macd_bearish_divergence_30d', 'higher_highs_3d', 'lower_lows_3d')","('higher_highs_3d', 'lower_lows_3d', 'lower_lows_4d')",19,3
38,"('macd_bearish_divergence_30d', 'higher_highs_3d', 'lower_lows_3d')","('higher_highs_3d', 'lower_lows_3d', 'placeholder_1')",36,10
39,"('macd_bearish_divergence_30d', 'higher_highs_3d', 'lower_lows_3d')","('higher_highs_3d', 'lower_lows_4d', 'placeholder_1')",19,3
40,"('macd_bearish_divergence_30d', 'higher_highs_3d', 'lower_lows_3d')","('higher_highs_3d', 'placeholder_1', 'placeholder_2')",38,21
41,"('macd_bearish_divergence_30d', 'higher_highs_3d', 'lower_lows_3d')","('higher_highs_4d', 'lower_lows_3d', 'lower_lows_4d')",2,1
42,"('macd_bearish_divergence_30d', 'higher_highs_3d', 'lower_lows_3d')","('higher_highs_4d', 'lower_lows_3d', 'placeholder_1')",24,7
43,"('macd_bearish_divergence_30d', 'higher_highs_3d', 'lower_lows_3d')","('higher_highs_4d', 'lower_lows_4d', 'placeholder_1')",2,1
44,"('macd_bearish_divergence_30d', 'higher_highs_3d', 'lower_lows_3d')","('higher_highs_4d', 'placeholder_1', 'placeholder_2')",41,17
45,"('macd_bearish_divergence_30d', 'higher_highs_3d', 'lower_lows_3d')","('lower_lows_3d', 'lower_lows_4d', 'placeholder_1')",30,29
46,"('macd_bearish_divergence_30d', 'higher_highs_3d', 'lower_lows_3d')","('lower_lows_3d', 'placeholder_1', 'placeholder_2')",31,28
47,"('macd_bearish_divergence_30d', 'higher_highs_3d', 'lower_lows_3d')","('lower_lows_4d', 'placeholder_1', 'placeholder_2')",30,29
48,"('macd_bearish_divergence_30d', 'higher_highs_3d', 'lower_lows_4d')","('macd_bearish_divergence_30d', 'higher_highs_3d', 'higher_highs_4d')",13,8
49,"('macd_bearish_divergence_30d', 'higher_highs_3d', 'lower_lows_4d')","('macd_bearish_divergence_30d', 'higher_highs_3d', 'lower_lows_3d')",2,3
50,"('macd_bearish_divergence_30d', 'higher_highs_3d', 'lower_lows_4d')","('macd_bearish_divergence_30d', 'higher_highs_3d', 'placeholder_1')",14,8
51,"('macd_bearish_divergence_30d', 'higher_highs_3d', 'lower_lows_4d')","('macd_bearish_divergence_30d', 'higher_highs_4d', 'lower_lows_3d')",2,1
52,"('macd_bearish_divergence_30d', 'higher_highs_3d', 'lower_lows_4d')","('macd_bearish_divergence_30d', 'higher_highs_4d', 'lower_lows_4d')",1,0
53,"('macd_bearish_divergence_30d', 'higher_highs_3d', 'lower_lows_4d')","('macd_bearish_divergence_30d', 'higher_highs_4d', 'placeholder_1')",13,8
54,"('macd_bearish_divergence_30d', 'higher_highs_3d', 'lower_lows_4d')","('macd_bearish_divergence_30d', 'lower_lows_3d', 'lower_lows_4d')",11,9
55,"('macd_bearish_divergence_30d', 'higher_highs_3d', 'lower_lows_4d')","('macd_bearish_divergence_30d', 'lower_lows_3d', 'placeholder_1')",13,9
56,"('macd_bearish_divergence_30d', 'higher_highs_3d', 'lower_lows_4d')","('macd_bearish_divergence_30d', 'lower_lows_4d', 'placeholder_1')",11,9
57,"('macd_bearish_divergence_30d', 'higher_highs_3d', 'lower_lows_4d')","('macd_bearish_divergence_30d', 'placeholder_1', 'placeholder_2')",12,11
58,"('macd_bearish_divergence_30d', 'higher_highs_3d', 'lower_lows_4d')","('higher_highs_3d', 'higher_highs_4d', 'lower_lows_3d')",10,4
59,"('macd_bearish_divergence_30d', 'higher_highs_3d', 'lower_lows_4d')","('higher_highs_3d', 'higher_highs_4d', 'lower_lows_4d')",1,1
60,"('macd_bearish_divergence_30d', 'higher_highs_3d', 'lower_lows_4d')","('higher_highs_3d', 'higher_highs_4d', 'placeholder_1')",18,6
61,"('macd_bearish_divergence_30d', 'higher_highs_3d', 'lower_lows_4d')","('higher_highs_3d', 'lower_lows_3d', 'lower_lows_4d')",7,3
62,"('macd_bearish_divergence_30d', 'higher_highs_3d', 'lower_lows_4d')","('higher_highs_3d', 'lower_lows_3d', 'placeholder_1')",13,6
63,"('macd_bearish_divergence_30d', 'higher_highs_3d', 'lower_lows_4d')","('higher_highs_3d', 'lower_lows_4d', 'placeholder_1')",7,3
64,"('macd_bearish_divergence_30d', 'higher_highs_3d', 'lower_lows_4d')","('higher_highs_3d', 'placeholder_1', 'placeholder_2')",16,8
65,"('macd_bearish_divergence_30d', 'higher_highs_3d', 'lower_lows_4d')","('higher_highs_4d', 'lower_lows_3d', 'lower_lows_4d')",1,1
66,"('macd_bearish_divergence_30d', 'higher_highs_3d', 'lower_lows_4d')","('higher_highs_4d', 'lower_lows_3d', 'placeholder_1')",10,4
67,"('macd_bearish_divergence_30d', 'higher_highs_3d', 'lower_lows_4d')","('higher_highs_4d', 'lower_lows_4d', 'placeholder_1')",1,1
68,"('macd_bearish_divergence_30d', 'higher_highs_3d', 'lower_lows_4d')","('higher_highs_4d', 'placeholder_1', 'placeholder_2')",18,6
69,"('macd_bearish_divergence_30d', 'higher_highs_3d', 'lower_lows_4d')","('lower_lows_3d', 'lower_lows_4d', 'placeholder_1')",14,10
70,"('macd_bearish_divergence_30d', 'higher_highs_3d', 'lower_lows_4d')","('lower_lows_3d', 'placeholder_1', 'placeholder_2')",15,9
71,"('macd_bearish_divergence_30d', 'higher_highs_3d', 'lower_lows_4d')","('lower_lows_4d', 'placeholder_1', 'placeholder_2')",14,10
72,"('macd_bearish_divergence_30d', 'higher_highs_3d', 'placeholder_1')","('macd_bearish_divergence_30d', 'higher_highs_3d', 'higher_highs_4d')",2108,1543
73,"('macd_bearish_divergence_30d', 'higher_highs_3d', 'placeholder_1')","('macd_bearish_divergence_30d', 'higher_highs_3d', 'lower_lows_3d')",159,251
74,"('macd_bearish_divergence_30d', 'higher_highs_3d', 'placeholder_1')","('macd_bearish_divergence_30d', 'higher_highs_3d', 'lower_lows_4d')",39,114
75,"('macd_bearish_divergence_30d', 'higher_highs_3d', 'placeholder_1')","('macd_bearish_divergence_30d', 'higher_highs_4d', 'lower_lows_3d')",82,128
76,"('macd_bearish_divergence_30d', 'higher_highs_3d', 'placeholder_1')","('macd_bearish_divergence_30d', 'higher_highs_4d', 'lower_lows_4d')",1,0
77,"('macd_bearish_divergence_30d', 'higher_highs_3d', 'placeholder_1')","('macd_bearish_divergence_30d', 'higher_highs_4d', 'placeholder_1')",2108,1543
78,"('macd_bearish_divergence_30d', 'higher_highs_3d', 'placeholder_1')","('macd_bearish_divergence_30d', 'lower_lows_3d', 'lower_lows_4d')",1145,2324
79,"('macd_bearish_divergence_30d', 'higher_highs_3d', 'placeholder_1')","('macd_bearish_divergence_30d', 'lower_lows_3d', 'placeholder_1')",1343,2587
80,"('macd_bearish_divergence_30d', 'higher_highs_3d', 'placeholder_1')","('macd_bearish_divergence_30d', 'lower_lows_4d', 'placeholder_1')",1145,2324
81,"('macd_bearish_divergence_30d', 'higher_highs_3d', 'placeholder_1')","('macd_bearish_divergence_30d', 'placeholder_1', 'placeholder_2')",2066,2077
82,"('macd_bearish_divergence_30d', 'higher_highs_3d', 'placeholder_1')","('higher_highs_3d', 'higher_highs_4d', 'lower_lows_3d')",1216,385
83,"('macd_bearish_divergence_30d', 'higher_highs_3d', 'placeholder_1')","('higher_highs_3d', 'higher_highs_4d', 'lower_lows_4d')",130,29
84,"('macd_bearish_divergence_30d', 'higher_highs_3d', 'placeholder_1')","('higher_highs_3d', 'higher_highs_4d', 'placeholder_1')",2983,1212
85,"('macd_bearish_divergence_30d', 'higher_highs_3d', 'placeholder_1')","('higher_highs_3d', 'lower_lows_3d', 'lower_lows_4d')",1001,531
86,"('macd_bearish_divergence_30d', 'higher_highs_3d', 'placeholder_1')","('higher_highs_3d', 'lower_lows_3d', 'placeholder_1')",1846,734
87,"('macd_bearish_divergence_30d', 'higher_highs_3d', 'placeholder_1')","('higher_highs_3d', 'lower_lows_4d', 'placeholder_1')",1001,531
88,"('macd_bearish_divergence_30d', 'higher_highs_3d', 'placeholder_1')","('higher_highs_3d', 'placeholder_1', 'placeholder_2')",2832,1374
89,"('macd_bearish_divergence_30d', 'higher_highs_3d', 'placeholder_1')","('higher_highs_4d', 'lower_lows_3d', 'lower_lows_4d')",130,29
90,"('macd_bearish_divergence_30d', 'higher_highs_3d', 'placeholder_1')","('higher_highs_4d', 'lower_lows_3d', 'placeholder_1')",1216,385
91,"('macd_bearish_divergence_30d', 'higher_highs_3d', 'placeholder_1')","('higher_highs_4d', 'lower_lows_4d', 'placeholder_1')",130,29
92,"('macd_bearish_divergence_30d', 'higher_highs_3d', 'placeholder_1')","('higher_highs_4d', 'placeholder_1', 'placeholder_2')",2983,1212
93,"('macd_bearish_divergence_30d', 'higher_highs_3d', 'placeholder_1')","('lower_lows_3d', 'lower_lows_4d', 'placeholder_1')",2123,2080
94,"('macd_bearish_divergence_30d', 'higher_highs_3d', 'placeholder_1')","('lower_lows_3d', 'placeholder_1', 'placeholder_2')",1913,2296
95,"('macd_bearish_divergence_30d', 'higher_highs_3d', 'placeholder_1')","('lower_lows_4d', 'placeholder_1', 'placeholder_2')",2123,2080
96,"('macd_bearish_divergence_30d', 'higher_highs_4d', 'lower_lows_3d')","('macd_bearish_divergence_30d', 'higher_highs_3d', 'higher_highs_4d')",13,7
97,"('macd_bearish_divergence_30d', 'higher_highs_4d', 'lower_lows_3d')","('macd_bearish_divergence_30d', 'higher_highs_3d', 'lower_lows_3d')",0,1
98,"('macd_bearish_divergence_30d', 'higher_highs_4d', 'lower_lows_3d')","('macd_bearish_divergence_30d', 'higher_highs_3d', 'lower_lows_4d')",0,0
99,"('macd_bearish_divergence_30d', 'higher_highs_4d', 'lower_lows_3d')","('macd_bearish_divergence_30d', 'higher_highs_3d', 'placeholder_1')",15,8
100,"('macd_bearish_divergence_30d', 'higher_highs_4d', 'lower_lows_3d')","('macd_bearish_divergence_30d', 'higher_highs_4d', 'lower_lows_4d')",0,0
101,"('macd_bearish_divergence_30d', 'higher_highs_4d', 'lower_lows_3d')","('macd_bearish_divergence_30d', 'higher_highs_4d', 'placeholder_1')",13,7
102,"('macd_bearish_divergence_30d', 'higher_highs_4d', 'lower_lows_3d')","('macd_bearish_divergence_30d', 'lower_lows_3d', 'lower_lows_4d')",8,12
103,"('macd_bearish_divergence_30d', 'higher_highs_4d', 'lower_lows_3d')","('macd_bearish_divergence_30d', 'lower_lows_3d', 'placeholder_1')",9,12
104,"('macd_bearish_divergence_30d', 'higher_highs_4d', 'lower_lows_3d')","('macd_bearish_divergence_30d', 'lower_lows_4d', 'placeholder_1')",8,12
105,"('macd_bearish_divergence_30d', 'higher_highs_4d', 'lower_lows_3d')","('macd_bearish_divergence_30d', 'placeholder_1', 'placeholder_2')",11,13
106,"('macd_bearish_divergence_30d', 'higher_highs_4d', 'lower_lows_3d')","('higher_highs_3d', 'higher_highs_4d', 'lower_lows_3d')",10,2
107,"('macd_bearish_divergence_30d', 'higher_highs_4d', 'lower_lows_3d')","('higher_highs_3d', 'higher_highs_4d', 'lower_lows_4d')",0,1
108,"('macd_bearish_divergence_30d', 'higher_highs_4d', 'lower_lows_3d')","('higher_highs_3d', 'higher_highs_4d', 'placeholder_1')",16,7
109,"('macd_bearish_divergence_30d', 'higher_highs_4d', 'lower_lows_3d')","('higher_highs_3d', 'lower_lows_3d', 'lower_lows_4d')",7,1
110,"('macd_bearish_divergence_30d', 'higher_highs_4d', 'lower_lows_3d')","('higher_highs_3d', 'lower_lows_3d', 'placeholder_1')",15,3
111,"('macd_bearish_divergence_30d', 'higher_highs_4d', 'lower_lows_3d')","('higher_highs_3d', 'lower_lows_4d', 'placeholder_1')",7,1
112,"('macd_bearish_divergence_30d', 'higher_highs_4d', 'lower_lows_3d')","('higher_highs_3d', 'placeholder_1', 'placeholder_2')",16,8
113,"('macd_bearish_divergence_30d', 'higher_highs_4d', 'lower_lows_3d')","('higher_highs_4d', 'lower_lows_3d', 'lower_lows_4d')",0,1
114,"('macd_bearish_divergence_30d', 'higher_highs_4d', 'lower_lows_3d')","('higher_highs_4d', 'lower_lows_3d', 'placeholder_1')",10,2
115,"('macd_bearish_divergence_30d', 'higher_highs_4d', 'lower_lows_3d')","('higher_highs_4d', 'lower_lows_4d', 'placeholder_1')",0,1
116,"('macd_bearish_divergence_30d', 'higher_highs_4d', 'lower_lows_3d')","('higher_highs_4d', 'placeholder_1', 'placeholder_2')",16,7
117,"('macd_bearish_divergence_30d', 'higher_highs_4d', 'lower_lows_3d')","('lower_lows_3d', 'lower_lows_4d', 'placeholder_1')",10,14
118,"('macd_bearish_divergence_30d', 'higher_highs_4d', 'lower_lows_3d')","('lower_lows_3d', 'placeholder_1', 'placeholder_2')",12,12
119,"('macd_bearish_divergence_30d', 'higher_highs_4d', 'lower_lows_3d')","('lower_lows_4d', 'placeholder_1', 'placeholder_2')",10,14
120,"('macd_bearish_divergence_30d', 'higher_highs_4d', 'lower_lows_4d')","('macd_bearish_divergence_30d', 'higher_highs_3d', 'higher_highs_4d')",0,1
121,"('macd_bearish_divergence_30d', 'higher_highs_4d', 'lower_lows_4d')","('macd_bearish_divergence_30d', 'higher_highs_3d', 'lower_lows_3d')",0,0
122,"('macd_bearish_divergence_30d', 'higher_highs_4d', 'lower_lows_4d')","('macd_bearish_divergence_30d', 'higher_highs_3d', 'lower_lows_4d')",0,0
123,"('macd_bearish_divergence_30d', 'higher_highs_4d', 'lower_lows_4d')","('macd_bearish_divergence_30d', 'higher_highs_3d', 'placeholder_1')",0,1
124,"('macd_bearish_divergence_30d', 'higher_highs_4d', 'lower_lows_4d')","('macd_bearish_divergence_30d', 'higher_highs_4d', 'lower_lows_3d')",0,0
125,"('macd_bearish_divergence_30d', 'higher_highs_4d', 'lower_lows_4d')","('macd_bearish_divergence_30d', 'higher_highs_4d', 'placeholder_1')",0,1
126,"('macd_bearish_divergence_30d', 'higher_highs_4d', 'lower_lows_4d')","('macd_bearish_divergence_30d', 'lower_lows_3d', 'lower_lows_4d')",0,1
127,"('macd_bearish_divergence_30d', 'higher_highs_4d', 'lower_lows_4d')","('macd_bearish_divergence_30d', 'lower_lows_3d', 'placeholder_1')",0,1
128,"('macd_bearish_divergence_30d', 'higher_highs_4d', 'lower_lows_4d')","('macd_bearish_divergence_30d', 'lower_lows_4d', 'placeholder_1')",0,1
129,"('macd_bearish_divergence_30d', 'higher_highs_4d', 'lower_lows_4d')","('macd_bearish_divergence_30d', 'placeholder_1', 'placeholder_2')",0,1
130,"('macd_bearish_divergence_30d', 'higher_highs_4d', 'lower_lows_4d')","('higher_highs_3d', 'higher_highs_4d', 'lower_lows_3d')",0,1
131,"('macd_bearish_divergence_30d', 'higher_highs_4d', 'lower_lows_4d')","('higher_highs_3d', 'higher_highs_4d', 'lower_lows_4d')",0,1
132,"('macd_bearish_divergence_30d', 'higher_highs_4d', 'lower_lows_4d')","('higher_highs_3d', 'higher_highs_4d', 'placeholder_1')",0,1
133,"('macd_bearish_divergence_30d', 'higher_highs_4d', 'lower_lows_4d')","('higher_highs_3d', 'lower_lows_3d', 'lower_lows_4d')",0,1
134,"('macd_bearish_divergence_30d', 'higher_highs_4d', 'lower_lows_4d')","('higher_highs_3d', 'lower_lows_3d', 'placeholder_1')",0,1
135,"('macd_bearish_divergence_30d', 'higher_highs_4d', 'lower_lows_4d')","('higher_highs_3d', 'lower_lows_4d', 'placeholder_1')",0,1
136,"('macd_bearish_divergence_30d', 'higher_highs_4d', 'lower_lows_4d')","('higher_highs_3d', 'placeholder_1', 'placeholder_2')",0,1
137,"('macd_bearish_divergence_30d', 'higher_highs_4d', 'lower_lows_4d')","('higher_highs_4d', 'lower_lows_3d', 'lower_lows_4d')",0,1
138,"('macd_bearish_divergence_30d', 'higher_highs_4d', 'lower_lows_4d')","('higher_highs_4d', 'lower_lows_3d', 'placeholder_1')",0,1
139,"('macd_bearish_divergence_30d', 'higher_highs_4d', 'lower_lows_4d')","('higher_highs_4d', 'lower_lows_4d', 'placeholder_1')",0,1
140,"('macd_bearish_divergence_30d', 'higher_highs_4d', 'lower_lows_4d')","('higher_highs_4d', 'placeholder_1', 'placeholder_2')",0,1
141,"('macd_bearish_divergence_30d', 'higher_highs_4d', 'lower_lows_4d')","('lower_lows_3d', 'lower_lows_4d', 'placeholder_1')",0,1
142,"('macd_bearish_divergence_30d', 'higher_highs_4d', 'lower_lows_4d')","('lower_lows_3d', 'placeholder_1', 'placeholder_2')",0,1
143,"('macd_bearish_divergence_30d', 'higher_highs_4d', 'lower_lows_4d')","('lower_lows_4d', 'placeholder_1', 'placeholder_2')",0,1
144,"('macd_bearish_divergence_30d', 'higher_highs_4d', 'placeholder_1')","('macd_bearish_divergence_30d', 'higher_highs_3d', 'higher_highs_4d')",977,708
145,"('macd_bearish_divergence_30d', 'higher_highs_4d', 'placeholder_1')","('macd_bearish_divergence_30d', 'higher_highs_3d', 'lower_lows_3d')",67,122
146,"('macd_bearish_divergence_30d', 'higher_highs_4d', 'placeholder_1')","('macd_bearish_divergence_30d', 'higher_highs_3d', 'lower_lows_4d')",13,55
147,"('macd_bearish_divergence_30d', 'higher_highs_4d', 'placeholder_1')","('macd_bearish_divergence_30d', 'higher_highs_3d', 'placeholder_1')",1054,778
148,"('macd_bearish_divergence_30d', 'higher_highs_4d', 'placeholder_1')","('macd_bearish_divergence_30d', 'higher_highs_4d', 'lower_lows_3d')",34,63
149,"('macd_bearish_divergence_30d', 'higher_highs_4d', 'placeholder_1')","('macd_bearish_divergence_30d', 'higher_highs_4d', 'lower_lows_4d')",0,0
150,"('macd_bearish_divergence_30d', 'higher_highs_4d', 'placeholder_1')","('macd_bearish_divergence_30d', 'lower_lows_3d', 'lower_lows_4d')",526,1105
151,"('macd_bearish_divergence_30d', 'higher_highs_4d', 'placeholder_1')","('macd_bearish_divergence_30d', 'lower_lows_3d', 'placeholder_1')",593,1255
152,"('macd_bearish_divergence_30d', 'higher_highs_4d', 'placeholder_1')","('macd_bearish_divergence_30d', 'lower_lows_4d', 'placeholder_1')",526,1105
153,"('macd_bearish_divergence_30d', 'higher_highs_4d', 'placeholder_1')","('macd_bearish_divergence_30d', 'placeholder_1', 'placeholder_2')",964,967
154,"('macd_bearish_divergence_30d', 'higher_highs_4d', 'placeholder_1')","('higher_highs_3d', 'higher_highs_4d', 'lower_lows_3d')",578,187
155,"('macd_bearish_divergence_30d', 'higher_highs_4d', 'placeholder_1')","('higher_highs_3d', 'higher_highs_4d', 'lower_lows_4d')",60,13
156,"('macd_bearish_divergence_30d', 'higher_highs_4d', 'placeholder_1')","('higher_highs_3d', 'higher_highs_4d', 'placeholder_1')",1409,545
157,"('macd_bearish_divergence_30d', 'higher_highs_4d', 'placeholder_1')","('higher_highs_3d', 'lower_lows_3d', 'lower_lows_4d')",470,254
158,"('macd_bearish_divergence_30d', 'higher_highs_4d', 'placeholder_1')","('higher_highs_3d', 'lower_lows_3d', 'placeholder_1')",866,361
159,"('macd_bearish_divergence_30d', 'higher_highs_4d', 'placeholder_1')","('higher_highs_3d', 'lower_lows_4d', 'placeholder_1')",470,254
160,"('macd_bearish_divergence_30d', 'higher_highs_4d', 'placeholder_1')","('higher_highs_3d', 'placeholder_1', 'placeholder_2')",1323,635
161,"('macd_bearish_divergence_30d', 'higher_highs_4d', 'placeholder_1')","('higher_highs_4d', 'lower_lows_3d', 'lower_lows_4d')",60,13
162,"('macd_bearish_divergence_30d', 'higher_highs_4d', 'placeholder_1')","('higher_highs_4d', 'lower_lows_3d', 'placeholder_1')",578,187
163,"('macd_bearish_divergence_30d', 'higher_highs_4d', 'placeholder_1')","('higher_highs_4d', 'lower_lows_4d', 'placeholder_1')",60,13
164,"('macd_bearish_divergence_30d', 'higher_highs_4d', 'placeholder_1')","('higher_highs_4d', 'placeholder_1', 'placeholder_2')",1409,545
165,"('macd_bearish_divergence_30d', 'higher_highs_4d', 'placeholder_1')","('lower_lows_3d', 'lower_lows_4d', 'placeholder_1')",965,992
166,"('macd_bearish_divergence_30d', 'higher_highs_4d', 'placeholder_1')","('lower_lows_3d', 'placeholder_1', 'placeholder_2')",850,1108
167,"('macd_bearish_divergence_30d', 'higher_highs_4d', 'placeholder_1')","('lower_lows_4d', 'placeholder_1', 'placeholder_2')",965,992
168,"('macd_bearish_divergence_30d', 'lower_lows_3d', 'lower_lows_4d')","('macd_bearish_divergence_30d', 'higher_highs_3d', 'higher_highs_4d')",1531,1394
169,"('macd_bearish_divergence_30d', 'lower_lows_3d', 'lower_lows_4d')","('macd_bearish_divergence_30d', 'higher_highs_3d', 'lower_lows_3d')",163,236
170,"('macd_bearish_divergence_30d', 'lower_lows_3d', 'lower_lows_4d')","('macd_bearish_divergence_30d', 'higher_highs_3d', 'lower_lows_4d')",42,114
171,"('macd_bearish_divergence_30d', 'lower_lows_3d', 'lower_lows_4d')","('macd_bearish_divergence_30d', 'higher_highs_3d', 'placeholder_1')",1832,1361
172,"('macd_bearish_divergence_30d', 'lower_lows_3d', 'lower_lows_4d')","('macd_bearish_divergence_30d', 'higher_highs_4d', 'lower_lows_3d')",89,116
173,"('macd_bearish_divergence_30d', 'lower_lows_3d', 'lower_lows_4d')","('macd_bearish_divergence_30d', 'higher_highs_4d', 'lower_lows_4d')",1,3
174,"('macd_bearish_divergence_30d', 'lower_lows_3d', 'lower_lows_4d')","('macd_bearish_divergence_30d', 'higher_highs_4d', 'placeholder_1')",1531,1394
175,"('macd_bearish_divergence_30d', 'lower_lows_3d', 'lower_lows_4d')","('macd_bearish_divergence_30d', 'lower_lows_3d', 'placeholder_1')",1138,2104
176,"('macd_bearish_divergence_30d', 'lower_lows_3d', 'lower_lows_4d')","('macd_bearish_divergence_30d', 'lower_lows_4d', 'placeholder_1')",971,2111
177,"('macd_bearish_divergence_30d', 'lower_lows_3d', 'lower_lows_4d')","('macd_bearish_divergence_30d', 'placeholder_1', 'placeholder_2')",1643,1697
178,"('macd_bearish_divergence_30d', 'lower_lows_3d', 'lower_lows_4d')","('higher_highs_3d', 'higher_highs_4d', 'lower_lows_3d')",910,341
179,"('macd_bearish_divergence_30d', 'lower_lows_3d', 'lower_lows_4d')","('higher_highs_3d', 'higher_highs_4d', 'lower_lows_4d')",100,26
180,"('macd_bearish_divergence_30d', 'lower_lows_3d', 'lower_lows_4d')","('higher_highs_3d', 'higher_highs_4d', 'placeholder_1')",2256,1083
181,"('macd_bearish_divergence_30d', 'lower_lows_3d', 'lower_lows_4d')","('higher_highs_3d', 'lower_lows_3d', 'lower_lows_4d')",833,450
182,"('macd_bearish_divergence_30d', 'lower_lows_3d', 'lower_lows_4d')","('higher_highs_3d', 'lower_lows_3d', 'placeholder_1')",1444,645
183,"('macd_bearish_divergence_30d', 'lower_lows_3d', 'lower_lows_4d')","('higher_highs_3d', 'lower_lows_4d', 'placeholder_1')",833,450
184,"('macd_bearish_divergence_30d', 'lower_lows_3d', 'lower_lows_4d')","('higher_highs_3d', 'placeholder_1', 'placeholder_2')",2201,1153
185,"('macd_bearish_divergence_30d', 'lower_lows_3d', 'lower_lows_4d')","('higher_highs_4d', 'lower_lows_3d', 'lower_lows_4d')",100,26
186,"('macd_bearish_divergence_30d', 'lower_lows_3d', 'lower_lows_4d')","('higher_highs_4d', 'lower_lows_3d', 'placeholder_1')",910,341
187,"('macd_bearish_divergence_30d', 'lower_lows_3d', 'lower_lows_4d')","('higher_highs_4d', 'lower_lows_4d', 'placeholder_1')",100,26
188,"('macd_bearish_divergence_30d', 'lower_lows_3d', 'lower_lows_4d')","('higher_highs_4d', 'placeholder_1', 'placeholder_2')",2256,1083
189,"('macd_bearish_divergence_30d', 'lower_lows_3d', 'lower_lows_4d')","('lower_lows_3d', 'lower_lows_4d', 'placeholder_1')",1395,1966
190,"('macd_bearish_divergence_30d', 'lower_lows_3d', 'lower_lows_4d')","('lower_lows_3d', 'placeholder_1', 'placeholder_2')",1410,1955
191,"('macd_bearish_divergence_30d', 'lower_lows_3d', 'lower_lows_4d')","('lower_lows_4d', 'placeholder_1', 'placeholder_2')",1395,1966
192,"('macd_bearish_divergence_30d', 'lower_lows_3d', 'placeholder_1')","('macd_bearish_divergence_30d', 'higher_highs_3d', 'higher_highs_4d')",2688,2525
193,"('macd_bearish_divergence_30d', 'lower_lows_3d', 'placeholder_1')","('macd_bearish_divergence_30d', 'higher_highs_3d', 'lower_lows_3d')",264,432
194,"('macd_bearish_divergence_30d', 'lower_lows_3d', 'placeholder_1')","('macd_bearish_divergence_30d', 'higher_highs_3d', 'lower_lows_4d')",74,213
195,"('macd_bearish_divergence_30d', 'lower_lows_3d', 'placeholder_1')","('macd_bearish_divergence_30d', 'higher_highs_3d', 'placeholder_1')",3243,2509
196,"('macd_bearish_divergence_30d', 'lower_lows_3d', 'placeholder_1')","('macd_bearish_divergence_30d', 'higher_highs_4d', 'lower_lows_3d')",137,208
197,"('macd_bearish_divergence_30d', 'lower_lows_3d', 'placeholder_1')","('macd_bearish_divergence_30d', 'higher_highs_4d', 'lower_lows_4d')",2,5
198,"('macd_bearish_divergence_30d', 'lower_lows_3d', 'placeholder_1')","('macd_bearish_divergence_30d', 'higher_highs_4d', 'placeholder_1')",2688,2525
199,"('macd_bearish_divergence_30d', 'lower_lows_3d', 'placeholder_1')","('macd_bearish_divergence_30d', 'lower_lows_3d', 'lower_lows_4d')",1741,3782
200,"('macd_bearish_divergence_30d', 'lower_lows_3d', 'placeholder_1')","('macd_bearish_divergence_30d', 'lower_lows_4d', 'placeholder_1')",1741,3782
201,"('macd_bearish_divergence_30d', 'lower_lows_3d', 'placeholder_1')","('macd_bearish_divergence_30d', 'placeholder_1', 'placeholder_2')",2995,3062
202,"('macd_bearish_divergence_30d', 'lower_lows_3d', 'placeholder_1')","('higher_highs_3d', 'higher_highs_4d', 'lower_lows_3d')",1711,591
203,"('macd_bearish_divergence_30d', 'lower_lows_3d', 'placeholder_1')","('higher_highs_3d', 'higher_highs_4d', 'lower_lows_4d')",189,48
204,"('macd_bearish_divergence_30d', 'lower_lows_3d', 'placeholder_1')","('higher_highs_3d', 'higher_highs_4d', 'placeholder_1')",4178,1897
205,"('macd_bearish_divergence_30d', 'lower_lows_3d', 'placeholder_1')","('higher_highs_3d', 'lower_lows_3d', 'lower_lows_4d')",1522,803
206,"('macd_bearish_divergence_30d', 'lower_lows_3d', 'placeholder_1')","('higher_highs_3d', 'lower_lows_3d', 'placeholder_1')",2678,1118
207,"('macd_bearish_divergence_30d', 'lower_lows_3d', 'placeholder_1')","('higher_highs_3d', 'lower_lows_4d', 'placeholder_1')",1522,803
208,"('macd_bearish_divergence_30d', 'lower_lows_3d', 'placeholder_1')","('higher_highs_3d', 'placeholder_1', 'placeholder_2')",4033,2067
209,"('macd_bearish_divergence_30d', 'lower_lows_3d', 'placeholder_1')","('higher_highs_4d', 'lower_lows_3d', 'lower_lows_4d')",189,48
210,"('macd_bearish_divergence_30d', 'lower_lows_3d', 'placeholder_1')","('higher_highs_4d', 'lower_lows_3d', 'placeholder_1')",1711,591
211,"('macd_bearish_divergence_30d', 'lower_lows_3d', 'placeholder_1')","('higher_highs_4d', 'lower_lows_4d', 'placeholder_1')",189,48
212,"('macd_bearish_divergence_30d', 'lower_lows_3d', 'placeholder_1')","('higher_highs_4d', 'placeholder_1', 'placeholder_2')",4178,1897
213,"('macd_bearish_divergence_30d', 'lower_lows_3d', 'placeholder_1')","('lower_lows_3d', 'lower_lows_4d', 'placeholder_1')",2603,3507
214,"('macd_bearish_divergence_30d', 'lower_lows_3d', 'placeholder_1')","('lower_lows_3d', 'placeholder_1', 'placeholder_2')",2613,3503
215,"('macd_bearish_divergence_30d', 'lower_lows_3d', 'placeholder_1')","('lower_lows_4d', 'placeholder_1', 'placeholder_2')",2603,3507
216,"('macd_bearish_divergence_30d', 'lower_lows_4d', 'placeholder_1')","('macd_bearish_divergence_30d', 'higher_highs_3d', 'higher_highs_4d')",1531,1394
217,"('macd_bearish_divergence_30d', 'lower_lows_4d', 'placeholder_1')","('macd_bearish_divergence_30d', 'higher_highs_3d', 'lower_lows_3d')",163,236
218,"('macd_bearish_divergence_30d', 'lower_lows_4d', 'placeholder_1')","('macd_bearish_divergence_30d', 'higher_highs_3d', 'lower_lows_4d')",42,114
219,"('macd_bearish_divergence_30d', 'lower_lows_4d', 'placeholder_1')","('macd_bearish_divergence_30d', 'higher_highs_3d', 'placeholder_1')",1832,1361
220,"('macd_bearish_divergence_30d', 'lower_lows_4d', 'placeholder_1')","('macd_bearish_divergence_30d', 'higher_highs_4d', 'lower_lows_3d')",89,116
221,"('macd_bearish_divergence_30d', 'lower_lows_4d', 'placeholder_1')","('macd_bearish_divergence_30d', 'higher_highs_4d', 'lower_lows_4d')",1,3
222,"('macd_bearish_divergence_30d', 'lower_lows_4d', 'placeholder_1')","('macd_bearish_divergence_30d', 'higher_highs_4d', 'placeholder_1')",1531,1394
223,"('macd_bearish_divergence_30d', 'lower_lows_4d', 'placeholder_1')","('macd_bearish_divergence_30d', 'lower_lows_3d', 'lower_lows_4d')",971,2111
224,"('macd_bearish_divergence_30d', 'lower_lows_4d', 'placeholder_1')","('macd_bearish_divergence_30d', 'lower_lows_3d', 'placeholder_1')",1138,2104
225,"('macd_bearish_divergence_30d', 'lower_lows_4d', 'placeholder_1')","('macd_bearish_divergence_30d', 'placeholder_1', 'placeholder_2')",1643,1697
226,"('macd_bearish_divergence_30d', 'lower_lows_4d', 'placeholder_1')","('higher_highs_3d', 'higher_highs_4d', 'lower_lows_3d')",910,341
227,"('macd_bearish_divergence_30d', 'lower_lows_4d', 'placeholder_1')","('higher_highs_3d', 'higher_highs_4d', 'lower_lows_4d')",100,26
228,"('macd_bearish_divergence_30d', 'lower_lows_4d', 'placeholder_1')","('higher_highs_3d', 'higher_highs_4d', 'placeholder_1')",2256,1083
229,"('macd_bearish_divergence_30d', 'lower_lows_4d', 'placeholder_1')","('higher_highs_3d', 'lower_lows_3d', 'lower_lows_4d')",833,450
230,"('macd_bearish_divergence_30d', 'lower_lows_4d', 'placeholder_1')","('higher_highs_3d', 'lower_lows_3d', 'placeholder_1')",1444,645
231,"('macd_bearish_divergence_30d', 'lower_lows_4d', 'placeholder_1')","('higher_highs_3d', 'lower_lows_4d', 'placeholder_1')",833,450
232,"('macd_bearish_divergence_30d', 'lower_lows_4d', 'placeholder_1')","('higher_highs_3d', 'placeholder_1', 'placeholder_2')",2201,1153
233,"('macd_bearish_divergence_30d', 'lower_lows_4d', 'placeholder_1')","('higher_highs_4d', 'lower_lows_3d', 'lower_lows_4d')",100,26
234,"('macd_bearish_divergence_30d', 'lower_lows_4d', 'placeholder_1')","('higher_highs_4d', 'lower_lows_3d', 'placeholder_1')",910,341
235,"('macd_bearish_divergence_30d', 'lower_lows_4d', 'placeholder_1')","('higher_highs_4d', 'lower_lows_4d', 'placeholder_1')",100,26
236,"('macd_bearish_divergence_30d', 'lower_lows_4d', 'placeholder_1')","('higher_highs_4d', 'placeholder_1', 'placeholder_2')",2256,1083
237,"('macd_bearish_divergence_30d', 'lower_lows_4d', 'placeholder_1')","('lower_lows_3d', 'lower_lows_4d', 'placeholder_1')",1395,1966
238,"('macd_bearish_divergence_30d', 'lower_lows_4d', 'placeholder_1')","('lower_lows_3d', 'placeholder_1', 'placeholder_2')",1410,1955
239,"('macd_bearish_divergence_30d', 'lower_lows_4d', 'placeholder_1')","('lower_lows_4d', 'placeholder_1', 'placeholder_2')",1395,1966
240,"('macd_bearish_divergence_30d', 'placeholder_1', 'placeholder_2')","('macd_bearish_divergence_30d', 'higher_highs_3d', 'higher_highs_4d')",9267,8418
241,"('macd_bearish_divergence_30d', 'placeholder_1', 'placeholder_2')","('macd_bearish_divergence_30d', 'higher_highs_3d', 'lower_lows_3d')",825,1344
242,"('macd_bearish_divergence_30d', 'placeholder_1', 'placeholder_2')","('macd_bearish_divergence_30d', 'higher_highs_3d', 'lower_lows_4d')",221,643
243,"('macd_bearish_divergence_30d', 'placeholder_1', 'placeholder_2')","('macd_bearish_divergence_30d', 'higher_highs_3d', 'placeholder_1')",11100,8629
244,"('macd_bearish_divergence_30d', 'placeholder_1', 'placeholder_2')","('macd_bearish_divergence_30d', 'higher_highs_4d', 'lower_lows_3d')",426,671
245,"('macd_bearish_divergence_30d', 'placeholder_1', 'placeholder_2')","('macd_bearish_divergence_30d', 'higher_highs_4d', 'lower_lows_4d')",4,11
246,"('macd_bearish_divergence_30d', 'placeholder_1', 'placeholder_2')","('macd_bearish_divergence_30d', 'higher_highs_4d', 'placeholder_1')",9267,8418
247,"('macd_bearish_divergence_30d', 'placeholder_1', 'placeholder_2')","('macd_bearish_divergence_30d', 'lower_lows_3d', 'lower_lows_4d')",5622,12258
248,"('macd_bearish_divergence_30d', 'placeholder_1', 'placeholder_2')","('macd_bearish_divergence_30d', 'lower_lows_3d', 'placeholder_1')",6716,13176
249,"('macd_bearish_divergence_30d', 'placeholder_1', 'placeholder_2')","('macd_bearish_divergence_30d', 'lower_lows_4d', 'placeholder_1')",5622,12258
250,"('macd_bearish_divergence_30d', 'placeholder_1', 'placeholder_2')","('higher_highs_3d', 'higher_highs_4d', 'lower_lows_3d')",5880,1992
251,"('macd_bearish_divergence_30d', 'placeholder_1', 'placeholder_2')","('higher_highs_3d', 'higher_highs_4d', 'lower_lows_4d')",650,173
252,"('macd_bearish_divergence_30d', 'placeholder_1', 'placeholder_2')","('higher_highs_3d', 'higher_highs_4d', 'placeholder_1')",14921,6113
253,"('macd_bearish_divergence_30d', 'placeholder_1', 'placeholder_2')","('higher_highs_3d', 'lower_lows_3d', 'lower_lows_4d')",5111,2710
254,"('macd_bearish_divergence_30d', 'placeholder_1', 'placeholder_2')","('higher_highs_3d', 'lower_lows_3d', 'placeholder_1')",9089,3725
255,"('macd_bearish_divergence_30d', 'placeholder_1', 'placeholder_2')","('higher_highs_3d', 'lower_lows_4d', 'placeholder_1')",5111,2710
256,"('macd_bearish_divergence_30d', 'placeholder_1', 'placeholder_2')","('higher_highs_3d', 'placeholder_1', 'placeholder_2')",14116,6995
257,"('macd_bearish_divergence_30d', 'placeholder_1', 'placeholder_2')","('higher_highs_4d', 'lower_lows_3d', 'lower_lows_4d')",650,173
258,"('macd_bearish_divergence_30d', 'placeholder_1', 'placeholder_2')","('higher_highs_4d', 'lower_lows_3d', 'placeholder_1')",5880,1992
259,"('macd_bearish_divergence_30d', 'placeholder_1', 'placeholder_2')","('higher_highs_4d', 'lower_lows_4d', 'placeholder_1')",650,173
260,"('macd_bearish_divergence_30d', 'placeholder_1', 'placeholder_2')","('higher_highs_4d', 'placeholder_1', 'placeholder_2')",14921,6113
261,"('macd_bearish_divergence_30d', 'placeholder_1', 'placeholder_2')","('lower_lows_3d', 'lower_lows_4d', 'placeholder_1')",10052,11042
262,"('macd_bearish_divergence_30d', 'placeholder_1', 'placeholder_2')","('lower_lows_3d', 'placeholder_1', 'placeholder_2')",9339,11798
263,"('macd_bearish_divergence_30d', 'placeholder_1', 'placeholder_2')","('lower_lows_4d', 'placeholder_1', 'placeholder_2')",10052,11042
264,"('higher_highs_3d', 'higher_highs_4d', 'lower_lows_3d')","('macd_bearish_divergence_30d', 'higher_highs_3d', 'higher_highs_4d')",155,215
265,"('higher_highs_3d', 'higher_highs_4d', 'lower_lows_3d')","('macd_bearish_divergence_30d', 'higher_highs_3d', 'lower_lows_3d')",20,34
266,"('higher_highs_3d', 'higher_highs_4d', 'lower_lows_3d')","('macd_bearish_divergence_30d', 'higher_highs_3d', 'lower_lows_4d')",9,17
267,"('higher_highs_3d', 'higher_highs_4d', 'lower_lows_3d')","('macd_bearish_divergence_30d', 'higher_highs_3d', 'placeholder_1')",177,237
268,"('higher_highs_3d', 'higher_highs_4d', 'lower_lows_3d')","('macd_bearish_divergence_30d', 'higher_highs_4d', 'lower_lows_3d')",6,15
269,"('higher_highs_3d', 'higher_highs_4d', 'lower_lows_3d')","('macd_bearish_divergence_30d', 'higher_highs_4d', 'lower_lows_4d')",0,0
270,"('higher_highs_3d', 'higher_highs_4d', 'lower_lows_3d')","('macd_bearish_divergence_30d', 'higher_highs_4d', 'placeholder_1')",155,215
271,"('higher_highs_3d', 'higher_highs_4d', 'lower_lows_3d')","('macd_bearish_divergence_30d', 'lower_lows_3d', 'lower_lows_4d')",168,243
272,"('higher_highs_3d', 'higher_highs_4d', 'lower_lows_3d')","('macd_bearish_divergence_30d', 'lower_lows_3d', 'placeholder_1')",184,268
273,"('higher_highs_3d', 'higher_highs_4d', 'lower_lows_3d')","('macd_bearish_divergence_30d', 'lower_lows_4d', 'placeholder_1')",168,243
274,"('higher_highs_3d', 'higher_highs_4d', 'lower_lows_3d')","('macd_bearish_divergence_30d', 'placeholder_1', 'placeholder_2')",192,274
275,"('higher_highs_3d', 'higher_highs_4d', 'lower_lows_3d')","('higher_highs_3d', 'higher_highs_4d', 'lower_lows_4d')",26,13
276,"('higher_highs_3d', 'higher_highs_4d', 'lower_lows_3d')","('higher_highs_3d', 'higher_highs_4d', 'placeholder_1')",345,162
277,"('higher_highs_3d', 'higher_highs_4d', 'lower_lows_3d')","('higher_highs_3d', 'lower_lows_3d', 'lower_lows_4d')",157,98
278,"('higher_highs_3d', 'higher_highs_4d', 'lower_lows_3d')","('higher_highs_3d', 'lower_lows_3d', 'placeholder_1')",259,147
279,"('higher_highs_3d', 'higher_highs_4d', 'lower_lows_3d')","('higher_highs_3d', 'lower_lows_4d', 'placeholder_1')",157,98
280,"('higher_highs_3d', 'higher_highs_4d', 'lower_lows_3d')","('higher_highs_3d', 'placeholder_1', 'placeholder_2')",323,186
281,"('higher_highs_3d', 'higher_highs_4d', 'lower_lows_3d')","('higher_highs_4d', 'lower_lows_3d', 'lower_lows_4d')",26,13
282,"('higher_highs_3d', 'higher_highs_4d', 'lower_lows_3d')","('higher_highs_4d', 'lower_lows_3d', 'placeholder_1')",205,84
283,"('higher_highs_3d', 'higher_highs_4d', 'lower_lows_3d')","('higher_highs_4d', 'lower_lows_4d', 'placeholder_1')",26,13
284,"('higher_highs_3d', 'higher_highs_4d', 'lower_lows_3d')","('higher_highs_4d', 'placeholder_1', 'placeholder_2')",345,162
285,"('higher_highs_3d', 'higher_highs_4d', 'lower_lows_3d')","('lower_lows_3d', 'lower_lows_4d', 'placeholder_1')",221,284
286,"('higher_highs_3d', 'higher_highs_4d', 'lower_lows_3d')","('lower_lows_3d', 'placeholder_1', 'placeholder_2')",224,284
287,"('higher_highs_3d', 'higher_highs_4d', 'lower_lows_3d')","('lower_lows_4d', 'placeholder_1', 'placeholder_2')",221,284
288,"('higher_highs_3d', 'higher_highs_4d', 'lower_lows_4d')","('macd_bearish_divergence_30d', 'higher_highs_3d', 'higher_highs_4d')",12,18
289,"('higher_highs_3d', 'higher_highs_4d', 'lower_lows_4d')","('macd_bearish_divergence_30d', 'higher_highs_3d', 'lower_lows_3d')",1,3
290,"('higher_highs_3d', 'higher_highs_4d', 'lower_lows_4d')","('macd_bearish_divergence_30d', 'higher_highs_3d', 'lower_lows_4d')",1,1
291,"('higher_highs_3d', 'higher_highs_4d', 'lower_lows_4d')","('macd_bearish_divergence_30d', 'higher_highs_3d', 'placeholder_1')",12,18
292,"('higher_highs_3d', 'higher_highs_4d', 'lower_lows_4d')","('macd_bearish_divergence_30d', 'higher_highs_4d', 'lower_lows_3d')",0,1
293,"('higher_highs_3d', 'higher_highs_4d', 'lower_lows_4d')","('macd_bearish_divergence_30d', 'higher_highs_4d', 'lower_lows_4d')",0,0
294,"('higher_highs_3d', 'higher_highs_4d', 'lower_lows_4d')","('macd_bearish_divergence_30d', 'higher_highs_4d', 'placeholder_1')",12,18
295,"('higher_highs_3d', 'higher_highs_4d', 'lower_lows_4d')","('macd_bearish_divergence_30d', 'lower_lows_3d', 'lower_lows_4d')",14,17
296,"('higher_highs_3d', 'higher_highs_4d', 'lower_lows_4d')","('macd_bearish_divergence_30d', 'lower_lows_3d', 'placeholder_1')",15,16
297,"('higher_highs_3d', 'higher_highs_4d', 'lower_lows_4d')","('macd_bearish_divergence_30d', 'lower_lows_4d', 'placeholder_1')",14,17
298,"('higher_highs_3d', 'higher_highs_4d', 'lower_lows_4d')","('macd_bearish_divergence_30d', 'placeholder_1', 'placeholder_2')",14,17
299,"('higher_highs_3d', 'higher_highs_4d', 'lower_lows_4d')","('higher_highs_3d', 'higher_highs_4d', 'lower_lows_3d')",15,6
300,"('higher_highs_3d', 'higher_highs_4d', 'lower_lows_4d')","('higher_highs_3d', 'higher_highs_4d', 'placeholder_1')",23,10
301,"('higher_highs_3d', 'higher_highs_4d', 'lower_lows_4d')","('higher_highs_3d', 'lower_lows_3d', 'lower_lows_4d')",13,7
302,"('higher_highs_3d', 'higher_highs_4d', 'lower_lows_4d')","('higher_highs_3d', 'lower_lows_3d', 'placeholder_1')",17,10
303,"('higher_highs_3d', 'higher_highs_4d', 'lower_lows_4d')","('higher_highs_3d', 'lower_lows_4d', 'placeholder_1')",13,7
304,"('higher_highs_3d', 'higher_highs_4d', 'lower_lows_4d')","('higher_highs_3d', 'placeholder_1', 'placeholder_2')",24,9
305,"('higher_highs_3d', 'higher_highs_4d', 'lower_lows_4d')","('higher_highs_4d', 'lower_lows_3d', 'lower_lows_4d')",2,1
306,"('higher_highs_3d', 'higher_highs_4d', 'lower_lows_4d')","('higher_highs_4d', 'lower_lows_3d', 'placeholder_1')",15,6
307,"('higher_highs_3d', 'higher_highs_4d', 'lower_lows_4d')","('higher_highs_4d', 'lower_lows_4d', 'placeholder_1')",2,1
308,"('higher_highs_3d', 'higher_highs_4d', 'lower_lows_4d')","('higher_highs_4d', 'placeholder_1', 'placeholder_2')",23,10
309,"('higher_highs_3d', 'higher_highs_4d', 'lower_lows_4d')","('lower_lows_3d', 'lower_lows_4d', 'placeholder_1')",18,16
310,"('higher_highs_3d', 'higher_highs_4d', 'lower_lows_4d')","('lower_lows_3d', 'placeholder_1', 'placeholder_2')",16,18
311,"('higher_highs_3d', 'higher_highs_4d', 'lower_lows_4d')","('lower_lows_4d', 'placeholder_1', 'placeholder_2')",18,16
312,"('higher_highs_3d', 'higher_highs_4d', 'placeholder_1')","('macd_bearish_divergence_30d', 'higher_highs_3d', 'higher_highs_4d')",12297,21480
313,"('higher_highs_3d', 'higher_highs_4d', 'placeholder_1')","('macd_bearish_divergence_30d', 'higher_highs_3d', 'lower_lows_3d')",1647,2953
314,"('higher_highs_3d', 'higher_highs_4d', 'placeholder_1')","('macd_bearish_divergence_30d', 'higher_highs_3d', 'lower_lows_4d')",675,1289
315,"('higher_highs_3d', 'higher_highs_4d', 'placeholder_1')","('macd_bearish_divergence_30d', 'higher_highs_3d', 'placeholder_1')",14645,24234
316,"('higher_highs_3d', 'higher_highs_4d', 'placeholder_1')","('macd_bearish_divergence_30d', 'higher_highs_4d', 'lower_lows_3d')",631,1442
317,"('higher_highs_3d', 'higher_highs_4d', 'placeholder_1')","('macd_bearish_divergence_30d', 'higher_highs_4d', 'lower_lows_4d')",13,59
318,"('higher_highs_3d', 'higher_highs_4d', 'placeholder_1')","('macd_bearish_divergence_30d', 'higher_highs_4d', 'placeholder_1')",12297,21480
319,"('higher_highs_3d', 'higher_highs_4d', 'placeholder_1')","('macd_bearish_divergence_30d', 'lower_lows_3d', 'lower_lows_4d')",15063,23581
320,"('higher_highs_3d', 'higher_highs_4d', 'placeholder_1')","('macd_bearish_divergence_30d', 'lower_lows_3d', 'placeholder_1')",16464,26277
321,"('higher_highs_3d', 'higher_highs_4d', 'placeholder_1')","('macd_bearish_divergence_30d', 'lower_lows_4d', 'placeholder_1')",15063,23581
322,"('higher_highs_3d', 'higher_highs_4d', 'placeholder_1')","('macd_bearish_divergence_30d', 'placeholder_1', 'placeholder_2')",17538,26919
323,"('higher_highs_3d', 'higher_highs_4d', 'placeholder_1')","('higher_highs_3d', 'higher_highs_4d', 'lower_lows_3d')",16363,6869
324,"('higher_highs_3d', 'higher_highs_4d', 'placeholder_1')","('higher_highs_3d', 'higher_highs_4d', 'lower_lows_4d')",1537,646
325,"('higher_highs_3d', 'higher_highs_4d', 'placeholder_1')","('higher_highs_3d', 'lower_lows_3d', 'lower_lows_4d')",14248,7637
326,"('higher_highs_3d', 'higher_highs_4d', 'placeholder_1')","('higher_highs_3d', 'lower_lows_3d', 'placeholder_1')",23420,11813
327,"('higher_highs_3d', 'higher_highs_4d', 'placeholder_1')","('higher_highs_3d', 'lower_lows_4d', 'placeholder_1')",14248,7637
328,"('higher_highs_3d', 'higher_highs_4d', 'placeholder_1')","('higher_highs_3d', 'placeholder_1', 'placeholder_2')",31875,17649
329,"('higher_highs_3d', 'higher_highs_4d', 'placeholder_1')","('higher_highs_4d', 'lower_lows_3d', 'lower_lows_4d')",1537,646
330,"('higher_highs_3d', 'higher_highs_4d', 'placeholder_1')","('higher_highs_4d', 'lower_lows_3d', 'placeholder_1')",16363,6869
331,"('higher_highs_3d', 'higher_highs_4d', 'placeholder_1')","('higher_highs_4d', 'lower_lows_4d', 'placeholder_1')",1537,646
332,"('higher_highs_3d', 'higher_highs_4d', 'placeholder_1')","('higher_highs_4d', 'placeholder_1', 'placeholder_2')",33117,16250
333,"('higher_highs_3d', 'higher_highs_4d', 'placeholder_1')","('lower_lows_3d', 'lower_lows_4d', 'placeholder_1')",21559,27629
334,"('higher_highs_3d', 'higher_highs_4d', 'placeholder_1')","('lower_lows_3d', 'placeholder_1', 'placeholder_2')",20693,28823
335,"('higher_highs_3d', 'higher_highs_4d', 'placeholder_1')","('lower_lows_4d', 'placeholder_1', 'placeholder_2')",21559,27629
336,"('higher_highs_3d', 'lower_lows_3d', 'lower_lows_4d')","('macd_bearish_divergence_30d', 'higher_highs_3d', 'higher_highs_4d')",109,174
337,"('higher_highs_3d', 'lower_lows_3d', 'lower_lows_4d')","('macd_bearish_divergence_30d', 'higher_highs_3d', 'lower_lows_3d')",18,24
338,"('higher_highs_3d', 'lower_lows_3d', 'lower_lows_4d')","('macd_bearish_divergence_30d', 'higher_highs_3d', 'lower_lows_4d')",8,7
339,"('higher_highs_3d', 'lower_lows_3d', 'lower_lows_4d')","('macd_bearish_divergence_30d', 'higher_highs_3d', 'placeholder_1')",113,194
340,"('higher_highs_3d', 'lower_lows_3d', 'lower_lows_4d')","('macd_bearish_divergence_30d', 'higher_highs_4d', 'lower_lows_3d')",10,14
341,"('higher_highs_3d', 'lower_lows_3d', 'lower_lows_4d')","('macd_bearish_divergence_30d', 'higher_highs_4d', 'lower_lows_4d')",1,1
342,"('higher_highs_3d', 'lower_lows_3d', 'lower_lows_4d')","('macd_bearish_divergence_30d', 'higher_highs_4d', 'placeholder_1')",109,174
343,"('higher_highs_3d', 'lower_lows_3d', 'lower_lows_4d')","('macd_bearish_divergence_30d', 'lower_lows_3d', 'lower_lows_4d')",117,191
344,"('higher_highs_3d', 'lower_lows_3d', 'lower_lows_4d')","('macd_bearish_divergence_30d', 'lower_lows_3d', 'placeholder_1')",125,209
345,"('higher_highs_3d', 'lower_lows_3d', 'lower_lows_4d')","('macd_bearish_divergence_30d', 'lower_lows_4d', 'placeholder_1')",117,191
346,"('higher_highs_3d', 'lower_lows_3d', 'lower_lows_4d')","('macd_bearish_divergence_30d', 'placeholder_1', 'placeholder_2')",134,209
347,"('higher_highs_3d', 'lower_lows_3d', 'lower_lows_4d')","('higher_highs_3d', 'higher_highs_4d', 'lower_lows_3d')",135,59
348,"('higher_highs_3d', 'lower_lows_3d', 'lower_lows_4d')","('higher_highs_3d', 'higher_highs_4d', 'lower_lows_4d')",15,10
349,"('higher_highs_3d', 'lower_lows_3d', 'lower_lows_4d')","('higher_highs_3d', 'higher_highs_4d', 'placeholder_1')",254,130
350,"('higher_highs_3d', 'lower_lows_3d', 'lower_lows_4d')","('higher_highs_3d', 'lower_lows_3d', 'placeholder_1')",190,87
351,"('higher_highs_3d', 'lower_lows_3d', 'lower_lows_4d')","('higher_highs_3d', 'lower_lows_4d', 'placeholder_1')",119,63
352,"('higher_highs_3d', 'lower_lows_3d', 'lower_lows_4d')","('higher_highs_3d', 'placeholder_1', 'placeholder_2')",249,136
353,"('higher_highs_3d', 'lower_lows_3d', 'lower_lows_4d')","('higher_highs_4d', 'lower_lows_3d', 'lower_lows_4d')",15,10
354,"('higher_highs_3d', 'lower_lows_3d', 'lower_lows_4d')","('higher_highs_4d', 'lower_lows_3d', 'placeholder_1')",135,59
355,"('higher_highs_3d', 'lower_lows_3d', 'lower_lows_4d')","('higher_highs_4d', 'lower_lows_4d', 'placeholder_1')",15,10
356,"('higher_highs_3d', 'lower_lows_3d', 'lower_lows_4d')","('higher_highs_4d', 'placeholder_1', 'placeholder_2')",254,130
357,"('higher_highs_3d', 'lower_lows_3d', 'lower_lows_4d')","('lower_lows_3d', 'lower_lows_4d', 'placeholder_1')",150,233
358,"('higher_highs_3d', 'lower_lows_3d', 'lower_lows_4d')","('lower_lows_3d', 'placeholder_1', 'placeholder_2')",163,222
359,"('higher_highs_3d', 'lower_lows_3d', 'lower_lows_4d')","('lower_lows_4d', 'placeholder_1', 'placeholder_2')",150,233
360,"('higher_highs_3d', 'lower_lows_3d', 'placeholder_1')","('macd_bearish_divergence_30d', 'higher_highs_3d', 'higher_highs_4d')",335,528
361,"('higher_highs_3d', 'lower_lows_3d', 'placeholder_1')","('macd_bearish_divergence_30d', 'higher_highs_3d', 'lower_lows_3d')",52,80
362,"('higher_highs_3d', 'lower_lows_3d', 'placeholder_1')","('macd_bearish_divergence_30d', 'higher_highs_3d', 'lower_lows_4d')",19,35
363,"('higher_highs_3d', 'lower_lows_3d', 'placeholder_1')","('macd_bearish_divergence_30d', 'higher_highs_3d', 'placeholder_1')",382,578
364,"('higher_highs_3d', 'lower_lows_3d', 'placeholder_1')","('macd_bearish_divergence_30d', 'higher_highs_4d', 'lower_lows_3d')",26,39
365,"('higher_highs_3d', 'lower_lows_3d', 'placeholder_1')","('macd_bearish_divergence_30d', 'higher_highs_4d', 'lower_lows_4d')",1,1
366,"('higher_highs_3d', 'lower_lows_3d', 'placeholder_1')","('macd_bearish_divergence_30d', 'higher_highs_4d', 'placeholder_1')",335,528
367,"('higher_highs_3d', 'lower_lows_3d', 'placeholder_1')","('macd_bearish_divergence_30d', 'lower_lows_3d', 'lower_lows_4d')",383,573
368,"('higher_highs_3d', 'lower_lows_3d', 'placeholder_1')","('macd_bearish_divergence_30d', 'lower_lows_3d', 'placeholder_1')",414,639
369,"('higher_highs_3d', 'lower_lows_3d', 'placeholder_1')","('macd_bearish_divergence_30d', 'lower_lows_4d', 'placeholder_1')",383,573
370,"('higher_highs_3d', 'lower_lows_3d', 'placeholder_1')","('macd_bearish_divergence_30d', 'placeholder_1', 'placeholder_2')",435,646
371,"('higher_highs_3d', 'lower_lows_3d', 'placeholder_1')","('higher_highs_3d', 'higher_highs_4d', 'lower_lows_3d')",455,186
372,"('higher_highs_3d', 'lower_lows_3d', 'placeholder_1')","('higher_highs_3d', 'higher_highs_4d', 'lower_lows_4d')",61,31
373,"('higher_highs_3d', 'lower_lows_3d', 'placeholder_1')","('higher_highs_3d', 'higher_highs_4d', 'placeholder_1')",790,396
374,"('higher_highs_3d', 'lower_lows_3d', 'placeholder_1')","('higher_highs_3d', 'lower_lows_3d', 'lower_lows_4d')",380,212
375,"('higher_highs_3d', 'lower_lows_3d', 'placeholder_1')","('higher_highs_3d', 'lower_lows_4d', 'placeholder_1')",380,212
376,"('higher_highs_3d', 'lower_lows_3d', 'placeholder_1')","('higher_highs_3d', 'placeholder_1', 'placeholder_2')",751,440
377,"('higher_highs_3d', 'lower_lows_3d', 'placeholder_1')","('higher_highs_4d', 'lower_lows_3d', 'lower_lows_4d')",61,31
378,"('higher_highs_3d', 'lower_lows_3d', 'placeholder_1')","('higher_highs_4d', 'lower_lows_3d', 'placeholder_1')",455,186
379,"('higher_highs_3d', 'lower_lows_3d', 'placeholder_1')","('higher_highs_4d', 'lower_lows_4d', 'placeholder_1')",61,31
380,"('higher_highs_3d', 'lower_lows_3d', 'placeholder_1')","('higher_highs_4d', 'placeholder_1', 'placeholder_2')",790,396
381,"('higher_highs_3d', 'lower_lows_3d', 'placeholder_1')","('lower_lows_3d', 'lower_lows_4d', 'placeholder_1')",476,704
382,"('higher_highs_3d', 'lower_lows_3d', 'placeholder_1')","('lower_lows_3d', 'placeholder_1', 'placeholder_2')",501,687
383,"('higher_highs_3d', 'lower_lows_3d', 'placeholder_1')","('lower_lows_4d', 'placeholder_1', 'placeholder_2')",476,704
384,"('higher_highs_3d', 'lower_lows_4d', 'placeholder_1')","('macd_bearish_divergence_30d', 'higher_highs_3d', 'higher_highs_4d')",109,174
385,"('higher_highs_3d', 'lower_lows_4d', 'placeholder_1')","('macd_bearish_divergence_30d', 'higher_highs_3d', 'lower_lows_3d')",18,24
386,"('higher_highs_3d', 'lower_lows_4d', 'placeholder_1')","('macd_bearish_divergence_30d', 'higher_highs_3d', 'lower_lows_4d')",8,7
387,"('higher_highs_3d', 'lower_lows_4d', 'placeholder_1')","('macd_bearish_divergence_30d', 'higher_highs_3d', 'placeholder_1')",113,194
388,"('higher_highs_3d', 'lower_lows_4d', 'placeholder_1')","('macd_bearish_divergence_30d', 'higher_highs_4d', 'lower_lows_3d')",10,14
389,"('higher_highs_3d', 'lower_lows_4d', 'placeholder_1')","('macd_bearish_divergence_30d', 'higher_highs_4d', 'lower_lows_4d')",1,1
390,"('higher_highs_3d', 'lower_lows_4d', 'placeholder_1')","('macd_bearish_divergence_30d', 'higher_highs_4d', 'placeholder_1')",109,174
391,"('higher_highs_3d', 'lower_lows_4d', 'placeholder_1')","('macd_bearish_divergence_30d', 'lower_lows_3d', 'lower_lows_4d')",117,191
392,"('higher_highs_3d', 'lower_lows_4d', 'placeholder_1')","('macd_bearish_divergence_30d', 'lower_lows_3d', 'placeholder_1')",125,209
393,"('higher_highs_3d', 'lower_lows_4d', 'placeholder_1')","('macd_bearish_divergence_30d', 'lower_lows_4d', 'placeholder_1')",117,191
394,"('higher_highs_3d', 'lower_lows_4d', 'placeholder_1')","('macd_bearish_divergence_30d', 'placeholder_1', 'placeholder_2')",134,209
395,"('higher_highs_3d', 'lower_lows_4d', 'placeholder_1')","('higher_highs_3d', 'higher_highs_4d', 'lower_lows_3d')",135,59
396,"('higher_highs_3d', 'lower_lows_4d', 'placeholder_1')","('higher_highs_3d', 'higher_highs_4d', 'lower_lows_4d')",15,10
397,"('higher_highs_3d', 'lower_lows_4d', 'placeholder_1')","('higher_highs_3d', 'higher_highs_4d', 'placeholder_1')",254,130
398,"('higher_highs_3d', 'lower_lows_4d', 'placeholder_1')","('higher_highs_3d', 'lower_lows_3d', 'lower_lows_4d')",119,63
399,"('higher_highs_3d', 'lower_lows_4d', 'placeholder_1')","('higher_highs_3d', 'lower_lows_3d', 'placeholder_1')",190,87
400,"('higher_highs_3d', 'lower_lows_4d', 'placeholder_1')","('higher_highs_3d', 'placeholder_1', 'placeholder_2')",249,136
401,"('higher_highs_3d', 'lower_lows_4d', 'placeholder_1')","('higher_highs_4d', 'lower_lows_3d', 'lower_lows_4d')",15,10
402,"('higher_highs_3d', 'lower_lows_4d', 'placeholder_1')","('higher_highs_4d', 'lower_lows_3d', 'placeholder_1')",135,59
403,"('higher_highs_3d', 'lower_lows_4d', 'placeholder_1')","('higher_highs_4d', 'lower_lows_4d', 'placeholder_1')",15,10
404,"('higher_highs_3d', 'lower_lows_4d', 'placeholder_1')","('higher_highs_4d', 'placeholder_1', 'placeholder_2')",254,130
405,"('higher_highs_3d', 'lower_lows_4d', 'placeholder_1')","('lower_lows_3d', 'lower_lows_4d', 'placeholder_1')",150,233
406,"('higher_highs_3d', 'lower_lows_4d', 'placeholder_1')","('lower_lows_3d', 'placeholder_1', 'placeholder_2')",163,222
407,"('higher_highs_3d', 'lower_lows_4d', 'placeholder_1')","('lower_lows_4d', 'placeholder_1', 'placeholder_2')",150,233
408,"('higher_highs_3d', 'placeholder_1', 'placeholder_2')","('macd_bearish_divergence_30d', 'higher_highs_3d', 'higher_highs_4d')",23298,40178
409,"('higher_highs_3d', 'placeholder_1', 'placeholder_2')","('macd_bearish_divergence_30d', 'higher_highs_3d', 'lower_lows_3d')",3081,5559
410,"('higher_highs_3d', 'placeholder_1', 'placeholder_2')","('macd_bearish_divergence_30d', 'higher_highs_3d', 'lower_lows_4d')",1229,2424
411,"('higher_highs_3d', 'placeholder_1', 'placeholder_2')","('macd_bearish_divergence_30d', 'higher_highs_3d', 'placeholder_1')",27452,45286
412,"('higher_highs_3d', 'placeholder_1', 'placeholder_2')","('macd_bearish_divergence_30d', 'higher_highs_4d', 'lower_lows_3d')",1221,2733
413,"('higher_highs_3d', 'placeholder_1', 'placeholder_2')","('macd_bearish_divergence_30d', 'higher_highs_4d', 'lower_lows_4d')",22,111
414,"('higher_highs_3d', 'placeholder_1', 'placeholder_2')","('macd_bearish_divergence_30d', 'higher_highs_4d', 'placeholder_1')",23298,40178
415,"('higher_highs_3d', 'placeholder_1', 'placeholder_2')","('macd_bearish_divergence_30d', 'lower_lows_3d', 'lower_lows_4d')",27935,43933
416,"('higher_highs_3d', 'placeholder_1', 'placeholder_2')","('macd_bearish_divergence_30d', 'lower_lows_3d', 'placeholder_1')",30764,48737
417,"('higher_highs_3d', 'placeholder_1', 'placeholder_2')","('macd_bearish_divergence_30d', 'lower_lows_4d', 'placeholder_1')",27935,43933
418,"('higher_highs_3d', 'placeholder_1', 'placeholder_2')","('macd_bearish_divergence_30d', 'placeholder_1', 'placeholder_2')",32843,49790
419,"('higher_highs_3d', 'placeholder_1', 'placeholder_2')","('higher_highs_3d', 'higher_highs_4d', 'lower_lows_3d')",30226,12682
420,"('higher_highs_3d', 'placeholder_1', 'placeholder_2')","('higher_highs_3d', 'higher_highs_4d', 'lower_lows_4d')",2890,1193
421,"('higher_highs_3d', 'placeholder_1', 'placeholder_2')","('higher_highs_3d', 'higher_highs_4d', 'placeholder_1')",61698,29863
422,"('higher_highs_3d', 'placeholder_1', 'placeholder_2')","('higher_highs_3d', 'lower_lows_3d', 'lower_lows_4d')",26539,14065
423,"('higher_highs_3d', 'placeholder_1', 'placeholder_2')","('higher_highs_3d', 'lower_lows_3d', 'placeholder_1')",43478,21573
424,"('higher_highs_3d', 'placeholder_1', 'placeholder_2')","('higher_highs_3d', 'lower_lows_4d', 'placeholder_1')",26539,14065
425,"('higher_highs_3d', 'placeholder_1', 'placeholder_2')","('higher_highs_4d', 'lower_lows_3d', 'lower_lows_4d')",2890,1193
426,"('higher_highs_3d', 'placeholder_1', 'placeholder_2')","('higher_highs_4d', 'lower_lows_3d', 'placeholder_1')",30226,12682
427,"('higher_highs_3d', 'placeholder_1', 'placeholder_2')","('higher_highs_4d', 'lower_lows_4d', 'placeholder_1')",2890,1193
428,"('higher_highs_3d', 'placeholder_1', 'placeholder_2')","('higher_highs_4d', 'placeholder_1', 'placeholder_2')",61698,29863
429,"('higher_highs_3d', 'placeholder_1', 'placeholder_2')","('lower_lows_3d', 'lower_lows_4d', 'placeholder_1')",40524,50692
430,"('higher_highs_3d', 'placeholder_1', 'placeholder_2')","('lower_lows_3d', 'placeholder_1', 'placeholder_2')",38908,52897
431,"('higher_highs_3d', 'placeholder_1', 'placeholder_2')","('lower_lows_4d', 'placeholder_1', 'placeholder_2')",40524,50692
432,"('higher_highs_4d', 'lower_lows_3d', 'lower_lows_4d')","('macd_bearish_divergence_30d', 'higher_highs_3d', 'higher_highs_4d')",12,18
433,"('higher_highs_4d', 'lower_lows_3d', 'lower_lows_4d')","('macd_bearish_divergence_30d', 'higher_highs_3d', 'lower_lows_3d')",1,3
434,"('higher_highs_4d', 'lower_lows_3d', 'lower_lows_4d')","('macd_bearish_divergence_30d', 'higher_highs_3d', 'lower_lows_4d')",1,1
435,"('higher_highs_4d', 'lower_lows_3d', 'lower_lows_4d')","('macd_bearish_divergence_30d', 'higher_highs_3d', 'placeholder_1')",12,18
436,"('higher_highs_4d', 'lower_lows_3d', 'lower_lows_4d')","('macd_bearish_divergence_30d', 'higher_highs_4d', 'lower_lows_3d')",0,1
437,"('higher_highs_4d', 'lower_lows_3d', 'lower_lows_4d')","('macd_bearish_divergence_30d', 'higher_highs_4d', 'lower_lows_4d')",0,0
438,"('higher_highs_4d', 'lower_lows_3d', 'lower_lows_4d')","('macd_bearish_divergence_30d', 'higher_highs_4d', 'placeholder_1')",12,18
439,"('higher_highs_4d', 'lower_lows_3d', 'lower_lows_4d')","('macd_bearish_divergence_30d', 'lower_lows_3d', 'lower_lows_4d')",14,17
440,"('higher_highs_4d', 'lower_lows_3d', 'lower_lows_4d')","('macd_bearish_divergence_30d', 'lower_lows_3d', 'placeholder_1')",15,16
441,"('higher_highs_4d', 'lower_lows_3d', 'lower_lows_4d')","('macd_bearish_divergence_30d', 'lower_lows_4d', 'placeholder_1')",14,17
442,"('higher_highs_4d', 'lower_lows_3d', 'lower_lows_4d')","('macd_bearish_divergence_30d', 'placeholder_1', 'placeholder_2')",14,17
443,"('higher_highs_4d', 'lower_lows_3d', 'lower_lows_4d')","('higher_highs_3d', 'higher_highs_4d', 'lower_lows_3d')",15,6
444,"('higher_highs_4d', 'lower_lows_3d', 'lower_lows_4d')","('higher_highs_3d', 'higher_highs_4d', 'lower_lows_4d')",2,1
445,"('higher_highs_4d', 'lower_lows_3d', 'lower_lows_4d')","('higher_highs_3d', 'higher_highs_4d', 'placeholder_1')",23,10
446,"('higher_highs_4d', 'lower_lows_3d', 'lower_lows_4d')","('higher_highs_3d', 'lower_lows_3d', 'lower_lows_4d')",13,7
447,"('higher_highs_4d', 'lower_lows_3d', 'lower_lows_4d')","('higher_highs_3d', 'lower_lows_3d', 'placeholder_1')",17,10
448,"('higher_highs_4d', 'lower_lows_3d', 'lower_lows_4d')","('higher_highs_3d', 'lower_lows_4d', 'placeholder_1')",13,7
449,"('higher_highs_4d', 'lower_lows_3d', 'lower_lows_4d')","('higher_highs_3d', 'placeholder_1', 'placeholder_2')",24,9
450,"('higher_highs_4d', 'lower_lows_3d', 'lower_lows_4d')","('higher_highs_4d', 'lower_lows_3d', 'placeholder_1')",15,6
451,"('higher_highs_4d', 'lower_lows_3d', 'lower_lows_4d')","('higher_highs_4d', 'lower_lows_4d', 'placeholder_1')",2,1
452,"('higher_highs_4d', 'lower_lows_3d', 'lower_lows_4d')","('higher_highs_4d', 'placeholder_1', 'placeholder_2')",23,10
453,"('higher_highs_4d', 'lower_lows_3d', 'lower_lows_4d')","('lower_lows_3d', 'lower_lows_4d', 'placeholder_1')",18,16
454,"('higher_highs_4d', 'lower_lows_3d', 'lower_lows_4d')","('lower_lows_3d', 'placeholder_1', 'placeholder_2')",16,18
455,"('higher_highs_4d', 'lower_lows_3d', 'lower_lows_4d')","('lower_lows_4d', 'placeholder_1', 'placeholder_2')",18,16
456,"('higher_highs_4d', 'lower_lows_3d', 'placeholder_1')","('macd_bearish_divergence_30d', 'higher_highs_3d', 'higher_highs_4d')",155,215
457,"('higher_highs_4d', 'lower_lows_3d', 'placeholder_1')","('macd_bearish_divergence_30d', 'higher_highs_3d', 'lower_lows_3d')",20,34
458,"('higher_highs_4d', 'lower_lows_3d', 'placeholder_1')","('macd_bearish_divergence_30d', 'higher_highs_3d', 'lower_lows_4d')",9,17
459,"('higher_highs_4d', 'lower_lows_3d', 'placeholder_1')","('macd_bearish_divergence_30d', 'higher_highs_3d', 'placeholder_1')",177,237
460,"('higher_highs_4d', 'lower_lows_3d', 'placeholder_1')","('macd_bearish_divergence_30d', 'higher_highs_4d', 'lower_lows_3d')",6,15
461,"('higher_highs_4d', 'lower_lows_3d', 'placeholder_1')","('macd_bearish_divergence_30d', 'higher_highs_4d', 'lower_lows_4d')",0,0
462,"('higher_highs_4d', 'lower_lows_3d', 'placeholder_1')","('macd_bearish_divergence_30d', 'higher_highs_4d', 'placeholder_1')",155,215
463,"('higher_highs_4d', 'lower_lows_3d', 'placeholder_1')","('macd_bearish_divergence_30d', 'lower_lows_3d', 'lower_lows_4d')",168,243
464,"('higher_highs_4d', 'lower_lows_3d', 'placeholder_1')","('macd_bearish_divergence_30d', 'lower_lows_3d', 'placeholder_1')",184,268
465,"('higher_highs_4d', 'lower_lows_3d', 'placeholder_1')","('macd_bearish_divergence_30d', 'lower_lows_4d', 'placeholder_1')",168,243
466,"('higher_highs_4d', 'lower_lows_3d', 'placeholder_1')","('macd_bearish_divergence_30d', 'placeholder_1', 'placeholder_2')",192,274
467,"('higher_highs_4d', 'lower_lows_3d', 'placeholder_1')","('higher_highs_3d', 'higher_highs_4d', 'lower_lows_3d')",205,84
468,"('higher_highs_4d', 'lower_lows_3d', 'placeholder_1')","('higher_highs_3d', 'higher_highs_4d', 'lower_lows_4d')",26,13
469,"('higher_highs_4d', 'lower_lows_3d', 'placeholder_1')","('higher_highs_3d', 'higher_highs_4d', 'placeholder_1')",345,162
470,"('higher_highs_4d', 'lower_lows_3d', 'placeholder_1')","('higher_highs_3d', 'lower_lows_3d', 'lower_lows_4d')",157,98
471,"('higher_highs_4d', 'lower_lows_3d', 'placeholder_1')","('higher_highs_3d', 'lower_lows_3d', 'placeholder_1')",259,147
472,"('higher_highs_4d', 'lower_lows_3d', 'placeholder_1')","('higher_highs_3d', 'lower_lows_4d', 'placeholder_1')",157,98
473,"('higher_highs_4d', 'lower_lows_3d', 'placeholder_1')","('higher_highs_3d', 'placeholder_1', 'placeholder_2')",323,186
474,"('higher_highs_4d', 'lower_lows_3d', 'placeholder_1')","('higher_highs_4d', 'lower_lows_3d', 'lower_lows_4d')",26,13
475,"('higher_highs_4d', 'lower_lows_3d', 'placeholder_1')","('higher_highs_4d', 'lower_lows_4d', 'placeholder_1')",26,13
476,"('higher_highs_4d', 'lower_lows_3d', 'placeholder_1')","('higher_highs_4d', 'placeholder_1', 'placeholder_2')",345,162
477,"('higher_highs_4d', 'lower_lows_3d', 'placeholder_1')","('lower_lows_3d', 'lower_lows_4d', 'placeholder_1')",221,284
478,"('higher_highs_4d', 'lower_lows_3d', 'placeholder_1')","('lower_lows_3d', 'placeholder_1', 'placeholder_2')",224,284
479,"('higher_highs_4d', 'lower_lows_3d', 'placeholder_1')","('lower_lows_4d', 'placeholder_1', 'placeholder_2')",221,284
480,"('higher_highs_4d', 'lower_lows_4d', 'placeholder_1')","('macd_bearish_divergence_30d', 'higher_highs_3d', 'higher_highs_4d')",12,18
481,"('higher_highs_4d', 'lower_lows_4d', 'placeholder_1')","('macd_bearish_divergence_30d', 'higher_highs_3d', 'lower_lows_3d')",1,3
482,"('higher_highs_4d', 'lower_lows_4d', 'placeholder_1')","('macd_bearish_divergence_30d', 'higher_highs_3d', 'lower_lows_4d')",1,1
483,"('higher_highs_4d', 'lower_lows_4d', 'placeholder_1')","('macd_bearish_divergence_30d', 'higher_highs_3d', 'placeholder_1')",12,18
484,"('higher_highs_4d', 'lower_lows_4d', 'placeholder_1')","('macd_bearish_divergence_30d', 'higher_highs_4d', 'lower_lows_3d')",0,1
485,"('higher_highs_4d', 'lower_lows_4d', 'placeholder_1')","('macd_bearish_divergence_30d', 'higher_highs_4d', 'lower_lows_4d')",0,0
486,"('higher_highs_4d', 'lower_lows_4d', 'placeholder_1')","('macd_bearish_divergence_30d', 'higher_highs_4d', 'placeholder_1')",12,18
487,"('higher_highs_4d', 'lower_lows_4d', 'placeholder_1')","('macd_bearish_divergence_30d', 'lower_lows_3d', 'lower_lows_4d')",14,17
488,"('higher_highs_4d', 'lower_lows_4d', 'placeholder_1')","('macd_bearish_divergence_30d', 'lower_lows_3d', 'placeholder_1')",15,16
489,"('higher_highs_4d', 'lower_lows_4d', 'placeholder_1')","('macd_bearish_divergence_30d', 'lower_lows_4d', 'placeholder_1')",14,17
490,"('higher_highs_4d', 'lower_lows_4d', 'placeholder_1')","('macd_bearish_divergence_30d', 'placeholder_1', 'placeholder_2')",14,17
491,"('higher_highs_4d', 'lower_lows_4d', 'placeholder_1')","('higher_highs_3d', 'higher_highs_4d', 'lower_lows_3d')",15,6
492,"('higher_highs_4d', 'lower_lows_4d', 'placeholder_1')","('higher_highs_3d', 'higher_highs_4d', 'lower_lows_4d')",2,1
493,"('higher_highs_4d', 'lower_lows_4d', 'placeholder_1')","('higher_highs_3d', 'higher_highs_4d', 'placeholder_1')",23,10
494,"('higher_highs_4d', 'lower_lows_4d', 'placeholder_1')","('higher_highs_3d', 'lower_lows_3d', 'lower_lows_4d')",13,7
495,"('higher_highs_4d', 'lower_lows_4d', 'placeholder_1')","('higher_highs_3d', 'lower_lows_3d', 'placeholder_1')",17,10
496,"('higher_highs_4d', 'lower_lows_4d', 'placeholder_1')","('higher_highs_3d', 'lower_lows_4d', 'placeholder_1')",13,7
497,"('higher_highs_4d', 'lower_lows_4d', 'placeholder_1')","('higher_highs_3d', 'placeholder_1', 'placeholder_2')",24,9
498,"('higher_highs_4d', 'lower_lows_4d', 'placeholder_1')","('higher_highs_4d', 'lower_lows_3d', 'lower_lows_4d')",2,1
499,"('higher_highs_4d', 'lower_lows_4d', 'placeholder_1')","('higher_highs_4d', 'lower_lows_3d', 'placeholder_1')",15,6
500,"('higher_highs_4d', 'lower_lows_4d', 'placeholder_1')","('higher_highs_4d', 'placeholder_1', 'placeholder_2')",23,10
501,"('higher_highs_4d', 'lower_lows_4d', 'placeholder_1')","('lower_lows_3d', 'lower_lows_4d', 'placeholder_1')",18,16
502,"('higher_highs_4d', 'lower_lows_4d', 'placeholder_1')","('lower_lows_3d', 'placeholder_1', 'placeholder_2')",16,18
503,"('higher_highs_4d', 'lower_lows_4d', 'placeholder_1')","('lower_lows_4d', 'placeholder_1', 'placeholder_2')",18,16
504,"('higher_highs_4d', 'placeholder_1', 'placeholder_2')","('macd_bearish_divergence_30d', 'higher_highs_3d', 'higher_highs_4d')",12297,21480
505,"('higher_highs_4d', 'placeholder_1', 'placeholder_2')","('macd_bearish_divergence_30d', 'higher_highs_3d', 'lower_lows_3d')",1647,2953
506,"('higher_highs_4d', 'placeholder_1', 'placeholder_2')","('macd_bearish_divergence_30d', 'higher_highs_3d', 'lower_lows_4d')",675,1289
507,"('higher_highs_4d', 'placeholder_1', 'placeholder_2')","('macd_bearish_divergence_30d', 'higher_highs_3d', 'placeholder_1')",14645,24234
508,"('higher_highs_4d', 'placeholder_1', 'placeholder_2')","('macd_bearish_divergence_30d', 'higher_highs_4d', 'lower_lows_3d')",631,1442
509,"('higher_highs_4d', 'placeholder_1', 'placeholder_2')","('macd_bearish_divergence_30d', 'higher_highs_4d', 'lower_lows_4d')",13,59
510,"('higher_highs_4d', 'placeholder_1', 'placeholder_2')","('macd_bearish_divergence_30d', 'higher_highs_4d', 'placeholder_1')",12297,21480
511,"('higher_highs_4d', 'placeholder_1', 'placeholder_2')","('macd_bearish_divergence_30d', 'lower_lows_3d', 'lower_lows_4d')",15063,23581
512,"('higher_highs_4d', 'placeholder_1', 'placeholder_2')","('macd_bearish_divergence_30d', 'lower_lows_3d', 'placeholder_1')",16464,26277
513,"('higher_highs_4d', 'placeholder_1', 'placeholder_2')","('macd_bearish_divergence_30d', 'lower_lows_4d', 'placeholder_1')",15063,23581
514,"('higher_highs_4d', 'placeholder_1', 'placeholder_2')","('macd_bearish_divergence_30d', 'placeholder_1', 'placeholder_2')",17538,26919
515,"('higher_highs_4d', 'placeholder_1', 'placeholder_2')","('higher_highs_3d', 'higher_highs_4d', 'lower_lows_3d')",16363,6869
516,"('higher_highs_4d', 'placeholder_1', 'placeholder_2')","('higher_highs_3d', 'higher_highs_4d', 'lower_lows_4d')",1537,646
517,"('higher_highs_4d', 'placeholder_1', 'placeholder_2')","('higher_highs_3d', 'higher_highs_4d', 'placeholder_1')",33117,16250
518,"('higher_highs_4d', 'placeholder_1', 'placeholder_2')","('higher_highs_3d', 'lower_lows_3d', 'lower_lows_4d')",14248,7637
519,"('higher_highs_4d', 'placeholder_1', 'placeholder_2')","('higher_highs_3d', 'lower_lows_3d', 'placeholder_1')",23420,11813
520,"('higher_highs_4d', 'placeholder_1', 'placeholder_2')","('higher_highs_3d', 'lower_lows_4d', 'placeholder_1')",14248,7637
521,"('higher_highs_4d', 'placeholder_1', 'placeholder_2')","('higher_highs_3d', 'placeholder_1', 'placeholder_2')",31875,17649
522,"('higher_highs_4d', 'placeholder_1', 'placeholder_2')","('higher_highs_4d', 'lower_lows_3d', 'lower_lows_4d')",1537,646
523,"('higher_highs_4d', 'placeholder_1', 'placeholder_2')","('higher_highs_4d', 'lower_lows_3d', 'placeholder_1')",16363,6869
524,"('higher_highs_4d', 'placeholder_1', 'placeholder_2')","('higher_highs_4d', 'lower_lows_4d', 'placeholder_1')",1537,646
525,"('higher_highs_4d', 'placeholder_1', 'placeholder_2')","('lower_lows_3d', 'lower_lows_4d', 'placeholder_1')",21559,27629
526,"('higher_highs_4d', 'placeholder_1', 'placeholder_2')","('lower_lows_3d', 'placeholder_1', 'placeholder_2')",20693,28823
527,"('higher_highs_4d', 'placeholder_1', 'placeholder_2')","('lower_lows_4d', 'placeholder_1', 'placeholder_2')",21559,27629
528,"('lower_lows_3d', 'lower_lows_4d', 'placeholder_1')","('macd_bearish_divergence_30d', 'higher_highs_3d', 'higher_highs_4d')",9139,15882
529,"('lower_lows_3d', 'lower_lows_4d', 'placeholder_1')","('macd_bearish_divergence_30d', 'higher_highs_3d', 'lower_lows_3d')",1127,2331
530,"('lower_lows_3d', 'lower_lows_4d', 'placeholder_1')","('macd_bearish_divergence_30d', 'higher_highs_3d', 'lower_lows_4d')",463,995
531,"('lower_lows_3d', 'lower_lows_4d', 'placeholder_1')","('macd_bearish_divergence_30d', 'higher_highs_3d', 'placeholder_1')",10935,17415
532,"('lower_lows_3d', 'lower_lows_4d', 'placeholder_1')","('macd_bearish_divergence_30d', 'higher_highs_4d', 'lower_lows_3d')",467,1173
533,"('lower_lows_3d', 'lower_lows_4d', 'placeholder_1')","('macd_bearish_divergence_30d', 'higher_highs_4d', 'lower_lows_4d')",13,59
534,"('lower_lows_3d', 'lower_lows_4d', 'placeholder_1')","('macd_bearish_divergence_30d', 'higher_highs_4d', 'placeholder_1')",9139,15882
535,"('lower_lows_3d', 'lower_lows_4d', 'placeholder_1')","('macd_bearish_divergence_30d', 'lower_lows_3d', 'lower_lows_4d')",9854,17658
536,"('lower_lows_3d', 'lower_lows_4d', 'placeholder_1')","('macd_bearish_divergence_30d', 'lower_lows_3d', 'placeholder_1')",11075,19230
537,"('lower_lows_3d', 'lower_lows_4d', 'placeholder_1')","('macd_bearish_divergence_30d', 'lower_lows_4d', 'placeholder_1')",9854,17658
538,"('lower_lows_3d', 'lower_lows_4d', 'placeholder_1')","('macd_bearish_divergence_30d', 'placeholder_1', 'placeholder_2')",12526,18985
539,"('lower_lows_3d', 'lower_lows_4d', 'placeholder_1')","('higher_highs_3d', 'higher_highs_4d', 'lower_lows_3d')",10575,4481
540,"('lower_lows_3d', 'lower_lows_4d', 'placeholder_1')","('higher_highs_3d', 'higher_highs_4d', 'lower_lows_4d')",1101,384
541,"('lower_lows_3d', 'lower_lows_4d', 'placeholder_1')","('higher_highs_3d', 'higher_highs_4d', 'placeholder_1')",22802,11254
542,"('lower_lows_3d', 'lower_lows_4d', 'placeholder_1')","('higher_highs_3d', 'lower_lows_3d', 'lower_lows_4d')",9734,5084
543,"('lower_lows_3d', 'lower_lows_4d', 'placeholder_1')","('higher_highs_3d', 'lower_lows_3d', 'placeholder_1')",15789,7691
544,"('lower_lows_3d', 'lower_lows_4d', 'placeholder_1')","('higher_highs_3d', 'lower_lows_4d', 'placeholder_1')",9734,5084
545,"('lower_lows_3d', 'lower_lows_4d', 'placeholder_1')","('higher_highs_3d', 'placeholder_1', 'placeholder_2')",22214,12060
546,"('lower_lows_3d', 'lower_lows_4d', 'placeholder_1')","('higher_highs_4d', 'lower_lows_3d', 'lower_lows_4d')",1101,384
547,"('lower_lows_3d', 'lower_lows_4d', 'placeholder_1')","('higher_highs_4d', 'lower_lows_3d', 'placeholder_1')",10575,4481
548,"('lower_lows_3d', 'lower_lows_4d', 'placeholder_1')","('higher_highs_4d', 'lower_lows_4d', 'placeholder_1')",1101,384
549,"('lower_lows_3d', 'lower_lows_4d', 'placeholder_1')","('higher_highs_4d', 'placeholder_1', 'placeholder_2')",22802,11254
550,"('lower_lows_3d', 'lower_lows_4d', 'placeholder_1')","('lower_lows_3d', 'placeholder_1', 'placeholder_2')",14383,20028
551,"('lower_lows_3d', 'lower_lows_4d', 'placeholder_1')","('lower_lows_4d', 'placeholder_1', 'placeholder_2')",14055,20225
552,"('lower_lows_3d', 'placeholder_1', 'placeholder_2')","('macd_bearish_divergence_30d', 'higher_highs_3d', 'higher_highs_4d')",19417,33102
553,"('lower_lows_3d', 'placeholder_1', 'placeholder_2')","('macd_bearish_divergence_30d', 'higher_highs_3d', 'lower_lows_3d')",2441,4786
554,"('lower_lows_3d', 'placeholder_1', 'placeholder_2')","('macd_bearish_divergence_30d', 'higher_highs_3d', 'lower_lows_4d')",1001,2078
555,"('lower_lows_3d', 'placeholder_1', 'placeholder_2')","('macd_bearish_divergence_30d', 'higher_highs_3d', 'placeholder_1')",23134,36515
556,"('lower_lows_3d', 'placeholder_1', 'placeholder_2')","('macd_bearish_divergence_30d', 'higher_highs_4d', 'lower_lows_3d')",989,2358
557,"('lower_lows_3d', 'placeholder_1', 'placeholder_2')","('macd_bearish_divergence_30d', 'higher_highs_4d', 'lower_lows_4d')",23,108
558,"('lower_lows_3d', 'placeholder_1', 'placeholder_2')","('macd_bearish_divergence_30d', 'higher_highs_4d', 'placeholder_1')",19417,33102
559,"('lower_lows_3d', 'placeholder_1', 'placeholder_2')","('macd_bearish_divergence_30d', 'lower_lows_3d', 'lower_lows_4d')",21547,36532
560,"('lower_lows_3d', 'placeholder_1', 'placeholder_2')","('macd_bearish_divergence_30d', 'lower_lows_3d', 'placeholder_1')",24101,39803
561,"('lower_lows_3d', 'placeholder_1', 'placeholder_2')","('macd_bearish_divergence_30d', 'lower_lows_4d', 'placeholder_1')",21547,36532
562,"('lower_lows_3d', 'placeholder_1', 'placeholder_2')","('macd_bearish_divergence_30d', 'placeholder_1', 'placeholder_2')",26713,39674
563,"('lower_lows_3d', 'placeholder_1', 'placeholder_2')","('higher_highs_3d', 'higher_highs_4d', 'lower_lows_3d')",23043,9500
564,"('lower_lows_3d', 'placeholder_1', 'placeholder_2')","('higher_highs_3d', 'higher_highs_4d', 'lower_lows_4d')",2363,855
565,"('lower_lows_3d', 'placeholder_1', 'placeholder_2')","('higher_highs_3d', 'higher_highs_4d', 'placeholder_1')",48645,23386
566,"('lower_lows_3d', 'placeholder_1', 'placeholder_2')","('higher_highs_3d', 'lower_lows_3d', 'lower_lows_4d')",20997,10843
567,"('lower_lows_3d', 'placeholder_1', 'placeholder_2')","('higher_highs_3d', 'lower_lows_3d', 'placeholder_1')",34067,16260
568,"('lower_lows_3d', 'placeholder_1', 'placeholder_2')","('higher_highs_3d', 'lower_lows_4d', 'placeholder_1')",20997,10843
569,"('lower_lows_3d', 'placeholder_1', 'placeholder_2')","('higher_highs_3d', 'placeholder_1', 'placeholder_2')",47158,25331
570,"('lower_lows_3d', 'placeholder_1', 'placeholder_2')","('higher_highs_4d', 'lower_lows_3d', 'lower_lows_4d')",2363,855
571,"('lower_lows_3d', 'placeholder_1', 'placeholder_2')","('higher_highs_4d', 'lower_lows_3d', 'placeholder_1')",23043,9500
572,"('lower_lows_3d', 'placeholder_1', 'placeholder_2')","('higher_highs_4d', 'lower_lows_4d', 'placeholder_1')",2363,855
573,"('lower_lows_3d', 'placeholder_1', 'placeholder_2')","('higher_highs_4d', 'placeholder_1', 'placeholder_2')",48645,23386
574,"('lower_lows_3d', 'placeholder_1', 'placeholder_2')","('lower_lows_3d', 'lower_lows_4d', 'placeholder_1')",29913,42616
575,"('lower_lows_3d', 'placeholder_1', 'placeholder_2')","('lower_lows_4d', 'placeholder_1', 'placeholder_2')",29913,42616
576,"('lower_lows_4d', 'placeholder_1', 'placeholder_2')","('macd_bearish_divergence_30d', 'higher_highs_3d', 'higher_highs_4d')",9139,15882
577,"('lower_lows_4d', 'placeholder_1', 'placeholder_2')","('macd_bearish_divergence_30d', 'higher_highs_3d', 'lower_lows_3d')",1127,2331
578,"('lower_lows_4d', 'placeholder_1', 'placeholder_2')","('macd_bearish_divergence_30d', 'higher_highs_3d', 'lower_lows_4d')",463,995
579,"('lower_lows_4d', 'placeholder_1', 'placeholder_2')","('macd_bearish_divergence_30d', 'higher_highs_3d', 'placeholder_1')",10935,17415
580,"('lower_lows_4d', 'placeholder_1', 'placeholder_2')","('macd_bearish_divergence_30d', 'higher_highs_4d', 'lower_lows_3d')",467,1173
581,"('lower_lows_4d', 'placeholder_1', 'placeholder_2')","('macd_bearish_divergence_30d', 'higher_highs_4d', 'lower_lows_4d')",13,59
582,"('lower_lows_4d', 'placeholder_1', 'placeholder_2')","('macd_bearish_divergence_30d', 'higher_highs_4d', 'placeholder_1')",9139,15882
583,"('lower_lows_4d', 'placeholder_1', 'placeholder_2')","('macd_bearish_divergence_30d', 'lower_lows_3d', 'lower_lows_4d')",9854,17658
584,"('lower_lows_4d', 'placeholder_1', 'placeholder_2')","('macd_bearish_divergence_30d', 'lower_lows_3d', 'placeholder_1')",11075,19230
585,"('lower_lows_4d', 'placeholder_1', 'placeholder_2')","('macd_bearish_divergence_30d', 'lower_lows_4d', 'placeholder_1')",9854,17658
586,"('lower_lows_4d', 'placeholder_1', 'placeholder_2')","('macd_bearish_divergence_30d', 'placeholder_1', 'placeholder_2')",12526,18985
587,"('lower_lows_4d', 'placeholder_1', 'placeholder_2')","('higher_highs_3d', 'higher_highs_4d', 'lower_lows_3d')",10575,4481
588,"('lower_lows_4d', 'placeholder_1', 'placeholder_2')","('higher_highs_3d', 'higher_highs_4d', 'lower_lows_4d')",1101,384
589,"('lower_lows_4d', 'placeholder_1', 'placeholder_2')","('higher_highs_3d', 'higher_highs_4d', 'placeholder_1')",22802,11254
590,"('lower_lows_4d', 'placeholder_1', 'placeholder_2')","('higher_highs_3d', 'lower_lows_3d', 'lower_lows_4d')",9734,5084
591,"('lower_lows_4d', 'placeholder_1', 'placeholder_2')","('higher_highs_3d', 'lower_lows_3d', 'placeholder_1')",15789,7691
592,"('lower_lows_4d', 'placeholder_1', 'placeholder_2')","('higher_highs_3d', 'lower_lows_4d', 'placeholder_1')",9734,5084
593,"('lower_lows_4d', 'placeholder_1', 'placeholder_2')","('higher_highs_3d', 'placeholder_1', 'placeholder_2')",22214,12060
594,"('lower_lows_4d', 'placeholder_1', 'placeholder_2')","('higher_highs_4d', 'lower_lows_3d', 'lower_lows_4d')",1101,384
595,"('lower_lows_4d', 'placeholder_1', 'placeholder_2')","('higher_highs_4d', 'lower_lows_3d', 'placeholder_1')",10575,4481
596,"('lower_lows_4d', 'placeholder_1', 'placeholder_2')","('higher_highs_4d', 'lower_lows_4d', 'placeholder_1')",1101,384
597,"('lower_lows_4d', 'placeholder_1', 'placeholder_2')","('higher_highs_4d', 'placeholder_1', 'placeholder_2')",22802,11254
598,"('lower_lows_4d', 'placeholder_1', 'placeholder_2')","('lower_lows_3d', 'lower_lows_4d', 'placeholder_1')",14055,20225
599,"('lower_lows_4d', 'placeholder_1', 'placeholder_2')","('lower_lows_3d', 'placeholder_1', 'placeholder_2')",14383,20028
